Workbook

Sheet Rolling Alpha
A1: Date | B1: EMF US | C1: MSCI EM Index | D1: Return EMF US, Rp | E1: Return MSCI EM, Rm | F1: Risk-free | G1: Fund Excess | H1: Benchmark Excess | I1: Alpha | J1: Beta
A2: ='MSCI EM_Monthly'!A14 -> 2018-01-31 | B2: =EMF_Fund_Monthly!B14 -> 19.67 | C2: ='MSCI EM_Monthly'!B14 -> 564.91753 | F2: =(1+'Risk-free rate'!B14/100)^(1/12)-1 -> 0.0011674743
A3: ='MSCI EM_Monthly'!A15 -> 2018-02-28 | B3: =EMF_Fund_Monthly!B15 -> 18.84 | C3: ='MSCI EM_Monthly'!B15 -> 538.86392 | D3: =(EMF_Fund_Monthly!B15-EMF_Fund_Monthly!B14)/EMF_Fund_Monthly!B14 -> -0.042196238 | E3: =('MSCI EM_Monthly'!B15-'MSCI EM_Monthly'!B14)/'MSCI EM_Monthly'!B14 -> -0.046119314 | F3: =(1+'Risk-free rate'!B15/100)^(1/12)-1 -> 0.0012990121 | G3: =D3-$F3 -> -0.04349525 | H3: =E3-$F3 -> -0.047418326
A4: ='MSCI EM_Monthly'!A16 -> 2018-03-30 | B4: =EMF_Fund_Monthly!B16 -> 18.35 | C4: ='MSCI EM_Monthly'!B16 -> 528.84462 | D4: =(EMF_Fund_Monthly!B16-EMF_Fund_Monthly!B15)/EMF_Fund_Monthly!B15 -> -0.026008493 | E4: =('MSCI EM_Monthly'!B16-'MSCI EM_Monthly'!B15)/'MSCI EM_Monthly'!B15 -> -0.018593381 | F4: =(1+'Risk-free rate'!B16/100)^(1/12)-1 -> 0.0014057469 | G4: =D4-$F4 -> -0.027414239 | H4: =E4-$F4 -> -0.019999128
A5: ='MSCI EM_Monthly'!A17 -> 2018-04-30 | B5: =EMF_Fund_Monthly!B17 -> 17.91 | C5: ='MSCI EM_Monthly'!B17 -> 526.50486 | D5: =(EMF_Fund_Monthly!B17-EMF_Fund_Monthly!B16)/EMF_Fund_Monthly!B16 -> -0.023978202 | E5: =('MSCI EM_Monthly'!B17-'MSCI EM_Monthly'!B16)/'MSCI EM_Monthly'!B16 -> -0.0044242844 | F5: =(1+'Risk-free rate'!B17/100)^(1/12)-1 -> 0.0014549669 | G5: =D5-$F5 -> -0.025433169 | H5: =E5-$F5 -> -0.0058792513
A6: ='MSCI EM_Monthly'!A18 -> 2018-05-31 | B6: =EMF_Fund_Monthly!B18 -> 17.41 | C6: ='MSCI EM_Monthly'!B18 -> 507.84867 | D6: =(EMF_Fund_Monthly!B18-EMF_Fund_Monthly!B17)/EMF_Fund_Monthly!B17 -> -0.027917365 | E6: =('MSCI EM_Monthly'!B18-'MSCI EM_Monthly'!B17)/'MSCI EM_Monthly'!B17 -> -0.035434041 | F6: =(1+'Risk-free rate'!B18/100)^(1/12)-1 -> 0.0015369412 | G6: =D6-$F6 -> -0.029454306 | H6: =E6-$F6 -> -0.036970982
A7: ='MSCI EM_Monthly'!A19 -> 2018-06-29 | B7: =EMF_Fund_Monthly!B19 -> 16.9 | C7: ='MSCI EM_Monthly'!B19 -> 486.74909 | D7: =(EMF_Fund_Monthly!B19-EMF_Fund_Monthly!B18)/EMF_Fund_Monthly!B18 -> -0.029293509 | E7: =('MSCI EM_Monthly'!B19-'MSCI EM_Monthly'!B18)/'MSCI EM_Monthly'!B18 -> -0.041546975 | F7: =(1+'Risk-free rate'!B19/100)^(1/12)-1 -> 0.0015697102 | G7: =D7-$F7 -> -0.03086322 | H7: =E7-$F7 -> -0.043116686
A8: ='MSCI EM_Monthly'!A20 -> 2018-07-31 | B8: =EMF_Fund_Monthly!B20 -> 17.15 | C8: ='MSCI EM_Monthly'!B20 -> 497.44164 | D8: =(EMF_Fund_Monthly!B20-EMF_Fund_Monthly!B19)/EMF_Fund_Monthly!B19 -> 0.014792899 | E8: =('MSCI EM_Monthly'!B20-'MSCI EM_Monthly'!B19)/'MSCI EM_Monthly'!B19 -> 0.021967262 | F8: =(1+'Risk-free rate'!B20/100)^(1/12)-1 -> 0.0016188417 | G8: =D8-$F8 -> 0.013174058 | H8: =E8-$F8 -> 0.020348421
A9: ='MSCI EM_Monthly'!A21 -> 2018-08-31 | B9: =EMF_Fund_Monthly!B21 -> 16.9 | C9: ='MSCI EM_Monthly'!B21 -> 483.99123 | D9: =(EMF_Fund_Monthly!B21-EMF_Fund_Monthly!B20)/EMF_Fund_Monthly!B20 -> -0.014577259 | E9: =('MSCI EM_Monthly'!B21-'MSCI EM_Monthly'!B20)/'MSCI EM_Monthly'!B20 -> -0.027039164 | F9: =(1+'Risk-free rate'!B21/100)^(1/12)-1 -> 0.0016761283 | G9: =D9-$F9 -> -0.016253388 | H9: =E9-$F9 -> -0.028715292
A10: ='MSCI EM_Monthly'!A22 -> 2018-09-28 | B10: =EMF_Fund_Monthly!B22 -> 16.96 | C10: ='MSCI EM_Monthly'!B22 -> 481.42252 | D10: =(EMF_Fund_Monthly!B22-EMF_Fund_Monthly!B21)/EMF_Fund_Monthly!B21 -> 0.0035502959 | E10: =('MSCI EM_Monthly'!B22-'MSCI EM_Monthly'!B21)/'MSCI EM_Monthly'!B21 -> -0.0053073379 | F10: =(1+'Risk-free rate'!B22/100)^(1/12)-1 -> 0.0017579038 | G10: =D10-$F10 -> 0.0017923921 | H10: =E10-$F10 -> -0.0070652417
A11: ='MSCI EM_Monthly'!A23 -> 2018-10-31 | B11: =EMF_Fund_Monthly!B23 -> 15.49 | C11: ='MSCI EM_Monthly'!B23 -> 439.49901 | D11: =(EMF_Fund_Monthly!B23-EMF_Fund_Monthly!B22)/EMF_Fund_Monthly!B22 -> -0.086674528 | E11: =('MSCI EM_Monthly'!B23-'MSCI EM_Monthly'!B22)/'MSCI EM_Monthly'!B22 -> -0.087082587 | F11: =(1+'Risk-free rate'!B23/100)^(1/12)-1 -> 0.0018559375 | G11: =D11-$F11 -> -0.088530466 | H11: =E11-$F11 -> -0.088938525
A12: ='MSCI EM_Monthly'!A24 -> 2018-11-30 | B12: =EMF_Fund_Monthly!B24 -> 16.06 | C12: ='MSCI EM_Monthly'!B24 -> 457.61064 | D12: =(EMF_Fund_Monthly!B24-EMF_Fund_Monthly!B23)/EMF_Fund_Monthly!B23 -> 0.036797934 | E12: =('MSCI EM_Monthly'!B24-'MSCI EM_Monthly'!B23)/'MSCI EM_Monthly'!B23 -> 0.041209727 | F12: =(1+'Risk-free rate'!B24/100)^(1/12)-1 -> 0.0019212348 | G12: =D12-$F12 -> 0.034876699 | H12: =E12-$F12 -> 0.039288492
A13: ='MSCI EM_Monthly'!A25 -> 2018-12-31 | B13: =EMF_Fund_Monthly!B25 -> 14.82 | C13: ='MSCI EM_Monthly'!B25 -> 445.48795 | D13: =(EMF_Fund_Monthly!B25-EMF_Fund_Monthly!B24)/EMF_Fund_Monthly!B24 -> -0.077210461 | E13: =('MSCI EM_Monthly'!B25-'MSCI EM_Monthly'!B24)/'MSCI EM_Monthly'!B24 -> -0.026491277 | F13: =(1+'Risk-free rate'!B25/100)^(1/12)-1 -> 0.0019538659 | G13: =D13-$F13 -> -0.079164327 | H13: =E13-$F13 -> -0.028445142
A14: ='MSCI EM_Monthly'!A26 -> 2019-01-31 | B14: =EMF_Fund_Monthly!B26 -> 16.46 | C14: ='MSCI EM_Monthly'!B26 -> 484.49378 | D14: =(EMF_Fund_Monthly!B26-EMF_Fund_Monthly!B25)/EMF_Fund_Monthly!B25 -> 0.11066127 | E14: =('MSCI EM_Monthly'!B26-'MSCI EM_Monthly'!B25)/'MSCI EM_Monthly'!B25 -> 0.087557549 | F14: =(1+'Risk-free rate'!B26/100)^(1/12)-1 -> 0.0019538659 | G14: =D14-$F14 -> 0.1087074 | H14: =E14-$F14 -> 0.085603683 | I14: =((1+INDEX(LINEST(G3:G14,H3:H14,TRUE,TRUE),1,2))^12)-1 -> -0.0090417446 | J14: =INDEX(LINEST(G3:G14, H3:H14, TRUE, TRUE), 1, 1) -> 1.0723486
A15: ='MSCI EM_Monthly'!A27 -> 2019-02-28 | B15: =EMF_Fund_Monthly!B27 -> 16.4 | C15: ='MSCI EM_Monthly'!B27 -> 485.58306 | D15: =(EMF_Fund_Monthly!B27-EMF_Fund_Monthly!B26)/EMF_Fund_Monthly!B26 -> -0.0036452005 | E15: =('MSCI EM_Monthly'!B27-'MSCI EM_Monthly'!B26)/'MSCI EM_Monthly'!B26 -> 0.0022482786 | F15: =(1+'Risk-free rate'!B27/100)^(1/12)-1 -> 0.0019701771 | G15: =D15-$F15 -> -0.0056153775 | H15: =E15-$F15 -> 0.00027810154 | I15: =((1+INDEX(LINEST(G4:G15,H4:H15,TRUE,TRUE),1,2))^12)-1 -> -0.020782968 | J15: =INDEX(LINEST(G4:G15, H4:H15, TRUE, TRUE), 1, 1) -> 1.0843469
A16: ='MSCI EM_Monthly'!A28 -> 2019-03-29 | B16: =EMF_Fund_Monthly!B28 -> 16.68 | C16: ='MSCI EM_Monthly'!B28 -> 489.65846 | D16: =(EMF_Fund_Monthly!B28-EMF_Fund_Monthly!B27)/EMF_Fund_Monthly!B27 -> 0.017073171 | E16: =('MSCI EM_Monthly'!B28-'MSCI EM_Monthly'!B27)/'MSCI EM_Monthly'!B27 -> 0.0083928072 | F16: =(1+'Risk-free rate'!B28/100)^(1/12)-1 -> 0.0019783315 | G16: =D16-$F16 -> 0.015094839 | H16: =E16-$F16 -> 0.0064144757 | I16: =((1+INDEX(LINEST(G5:G16,H5:H16,TRUE,TRUE),1,2))^12)-1 -> -0.006752663 | J16: =INDEX(LINEST(G5:G16, H5:H16, TRUE, TRUE), 1, 1) -> 1.0882734
A17: ='MSCI EM_Monthly'!A29 -> 2019-04-30 | B17: =EMF_Fund_Monthly!B29 -> 17.16 | C17: ='MSCI EM_Monthly'!B29 -> 499.96668 | D17: =(EMF_Fund_Monthly!B29-EMF_Fund_Monthly!B28)/EMF_Fund_Monthly!B28 -> 0.028776978 | E17: =('MSCI EM_Monthly'!B29-'MSCI EM_Monthly'!B28)/'MSCI EM_Monthly'!B28 -> 0.021051841 | F17: =(1+'Risk-free rate'!B29/100)^(1/12)-1 -> 0.0019620218 | G17: =D17-$F17 -> 0.026814957 | H17: =E17-$F17 -> 0.019089819 | I17: =((1+INDEX(LINEST(G6:G17,H6:H17,TRUE,TRUE),1,2))^12)-1 -> 0.018876396 | J17: =INDEX(LINEST(G6:G17, H6:H17, TRUE, TRUE), 1, 1) -> 1.0949219
A18: ='MSCI EM_Monthly'!A30 -> 2019-05-31 | B18: =EMF_Fund_Monthly!B30 -> 15.93 | C18: ='MSCI EM_Monthly'!B30 -> 463.6884 | D18: =(EMF_Fund_Monthly!B30-EMF_Fund_Monthly!B29)/EMF_Fund_Monthly!B29 -> -0.071678322 | E18: =('MSCI EM_Monthly'!B30-'MSCI EM_Monthly'!B29)/'MSCI EM_Monthly'!B29 -> -0.072561396 | F18: =(1+'Risk-free rate'!B30/100)^(1/12)-1 -> 0.0019375518 | G18: =D18-$F18 -> -0.073615873 | H18: =E18-$F18 -> -0.074498948 | I18: =((1+INDEX(LINEST(G7:G18,H7:H18,TRUE,TRUE),1,2))^12)-1 -> 0.015161858 | J18: =INDEX(LINEST(G7:G18, H7:H18, TRUE, TRUE), 1, 1) -> 1.0890462
A19: ='MSCI EM_Monthly'!A31 -> 2019-06-28 | B19: =EMF_Fund_Monthly!B31 -> 16.94 | C19: ='MSCI EM_Monthly'!B31 -> 492.62772 | D19: =(EMF_Fund_Monthly!B31-EMF_Fund_Monthly!B30)/EMF_Fund_Monthly!B30 -> 0.063402385 | E19: =('MSCI EM_Monthly'!B31-'MSCI EM_Monthly'!B30)/'MSCI EM_Monthly'!B30 -> 0.062411146 | F19: =(1+'Risk-free rate'!B31/100)^(1/12)-1 -> 0.0017905934 | G19: =D19-$F19 -> 0.061611792 | H19: =E19-$F19 -> 0.060620552 | I19: =((1+INDEX(LINEST(G8:G19,H8:H19,TRUE,TRUE),1,2))^12)-1 -> -0.0054707157 | J19: =INDEX(LINEST(G8:G19, H8:H19, TRUE, TRUE), 1, 1) -> 1.0996872
A20: ='MSCI EM_Monthly'!A32 -> 2019-07-31 | B20: =EMF_Fund_Monthly!B32 -> 16.85 | C20: ='MSCI EM_Monthly'!B32 -> 486.60388 | D20: =(EMF_Fund_Monthly!B32-EMF_Fund_Monthly!B31)/EMF_Fund_Monthly!B31 -> -0.0053128689 | E20: =('MSCI EM_Monthly'!B32-'MSCI EM_Monthly'!B31)/'MSCI EM_Monthly'!B31 -> -0.012227966 | F20: =(1+'Risk-free rate'!B32/100)^(1/12)-1 -> 0.0017333788 | G20: =D20-$F20 -> -0.0070462478 | H20: =E20-$F20 -> -0.013961345 | I20: =((1+INDEX(LINEST(G9:G20,H9:H20,TRUE,TRUE),1,2))^12)-1 -> 0.012200265 | J20: =INDEX(LINEST(G9:G20, H9:H20, TRUE, TRUE), 1, 1) -> 1.1032266
A21: ='MSCI EM_Monthly'!A33 -> 2019-08-30 | B21: =EMF_Fund_Monthly!B33 -> 16.1 | C21: ='MSCI EM_Monthly'!B33 -> 462.87866 | D21: =(EMF_Fund_Monthly!B33-EMF_Fund_Monthly!B32)/EMF_Fund_Monthly!B32 -> -0.044510386 | E21: =('MSCI EM_Monthly'!B33-'MSCI EM_Monthly'!B32)/'MSCI EM_Monthly'!B32 -> -0.048756748 | F21: =(1+'Risk-free rate'!B33/100)^(1/12)-1 -> 0.001610655 | G21: =D21-$F21 -> -0.046121041 | H21: =E21-$F21 -> -0.050367403 | I21: =((1+INDEX(LINEST(G10:G21,H10:H21,TRUE,TRUE),1,2))^12)-1 -> 0.0061048759 | J21: =INDEX(LINEST(G10:G21, H10:H21, TRUE, TRUE), 1, 1) -> 1.1019907
A22: ='MSCI EM_Monthly'!A34 -> 2019-09-30 | B22: =EMF_Fund_Monthly!B34 -> 16.53 | C22: ='MSCI EM_Monthly'!B34 -> 471.71492 | D22: =(EMF_Fund_Monthly!B34-EMF_Fund_Monthly!B33)/EMF_Fund_Monthly!B33 -> 0.026708075 | E22: =('MSCI EM_Monthly'!B34-'MSCI EM_Monthly'!B33)/'MSCI EM_Monthly'!B33 -> 0.019089785 | F22: =(1+'Risk-free rate'!B34/100)^(1/12)-1 -> 0.0015615191 | G22: =D22-$F22 -> 0.025146555 | H22: =E22-$F22 -> 0.017528266 | I22: =((1+INDEX(LINEST(G11:G22,H11:H22,TRUE,TRUE),1,2))^12)-1 -> 0.0024780087 | J22: =INDEX(LINEST(G11:G22, H11:H22, TRUE, TRUE), 1, 1) -> 1.1069196
A23: ='MSCI EM_Monthly'!A35 -> 2019-10-31 | B23: =EMF_Fund_Monthly!B35 -> 17.16 | C23: ='MSCI EM_Monthly'!B35 -> 491.60564 | D23: =(EMF_Fund_Monthly!B35-EMF_Fund_Monthly!B34)/EMF_Fund_Monthly!B34 -> 0.038112523 | E23: =('MSCI EM_Monthly'!B35-'MSCI EM_Monthly'!B34)/'MSCI EM_Monthly'!B34 -> 0.042166839 | F23: =(1+'Risk-free rate'!B35/100)^(1/12)-1 -> 0.0013647099 | G23: =D23-$F23 -> 0.036747813 | H23: =E23-$F23 -> 0.040802129 | I23: =((1+INDEX(LINEST(G12:G23,H12:H23,TRUE,TRUE),1,2))^12)-1 -> -0.018653019 | J23: =INDEX(LINEST(G12:G23, H12:H23, TRUE, TRUE), 1, 1) -> 1.1357945
A24: ='MSCI EM_Monthly'!A36 -> 2019-11-29 | B24: =EMF_Fund_Monthly!B36 -> 17.35 | C24: ='MSCI EM_Monthly'!B36 -> 490.92922 | D24: =(EMF_Fund_Monthly!B36-EMF_Fund_Monthly!B35)/EMF_Fund_Monthly!B35 -> 0.011072261 | E24: =('MSCI EM_Monthly'!B36-'MSCI EM_Monthly'!B35)/'MSCI EM_Monthly'!B35 -> -0.0013759545 | F24: =(1+'Risk-free rate'!B36/100)^(1/12)-1 -> 0.0012743633 | G24: =D24-$F24 -> 0.0097978978 | H24: =E24-$F24 -> -0.0026503178 | I24: =((1+INDEX(LINEST(G13:G24,H13:H24,TRUE,TRUE),1,2))^12)-1 -> 0.003283264 | J24: =INDEX(LINEST(G13:G24, H13:H24, TRUE, TRUE), 1, 1) -> 1.143447
A25: ='MSCI EM_Monthly'!A37 -> 2019-12-31 | B25: =EMF_Fund_Monthly!B37 -> 17.54 | C25: ='MSCI EM_Monthly'!B37 -> 527.55515 | D25: =(EMF_Fund_Monthly!B37-EMF_Fund_Monthly!B36)/EMF_Fund_Monthly!B36 -> 0.010951009 | E25: =('MSCI EM_Monthly'!B37-'MSCI EM_Monthly'!B36)/'MSCI EM_Monthly'!B36 -> 0.074605317 | F25: =(1+'Risk-free rate'!B37/100)^(1/12)-1 -> 0.0012743633 | G25: =D25-$F25 -> 0.0096766454 | H25: =E25-$F25 -> 0.073330954 | I25: =((1+INDEX(LINEST(G14:G25,H14:H25,TRUE,TRUE),1,2))^12)-1 -> 0.017790797 | J25: =INDEX(LINEST(G14:G25, H14:H25, TRUE, TRUE), 1, 1) -> 0.88508561
... A85: ='MSCI EM_Monthly'!A97 -> 2024-12-31 | B85: =EMF_Fund_Monthly!B97 -> 14.08 | C85: ='MSCI EM_Monthly'!B97 -> 573.88627 | D85: =(EMF_Fund_Monthly!B97-EMF_Fund_Monthly!B96)/EMF_Fund_Monthly!B96 -> -0.053763441 | E85: =('MSCI EM_Monthly'!B97-'MSCI EM_Monthly'!B96)/'MSCI EM_Monthly'!B96 -> -0.0013732325 | F85: =(1+'Risk-free rate'!B97/100)^(1/12)-1 -> 0.0034905364 | G85: =D85-$F85 -> -0.057253977 | H85: =E85-$F85 -> -0.0048637689 | I85: =((1+INDEX(LINEST(G74:G85,H74:H85,TRUE,TRUE),1,2))^12)-1 -> -0.027345501 | J85: =INDEX(LINEST(G74:G85, H74:H85, TRUE, TRUE), 1, 1) -> 0.83906664

Sheet Up-Down Scatter Plot
A1: Date | B1: Return EMF US, Rp | C1: Return MSCI EM, Rm | D1: Fund Geo-Mittel (Up) | E1: Benchmark Geo-Mittel (Up) | F1: UC Ratio | G1: Fund Geo-Mittel (Down) | H1: Benchmark Geo-Mittel (Down) | I1: DC Ratio | L1: Fund Geo-Mittel (Up) | M1: Benchmark Geo-Mittel (Up) | N1: UC Ratio | O1: Fund Geo-Mittel (Down) | P1: Benchmark Geo-Mittel (Down) | Q1: DC Ratio
A2: ='MSCI EM_Monthly'!A2 -> 2017-01-31 | K2: pre-covid | L2: {=GEOMEAN(IF(C14:C38 > 0, 1 + B14:B38)) - 1} -> 0.036702854 | M2: {=GEOMEAN(IF(C14:C38 > 0, 1 + C14:C38)) - 1} -> 0.04178055 | N2: =(L2/M2)*100 -> 87.846746 | O2: {=GEOMEAN(IF(C14:C38<0,1+B14:B38))-1} -> -0.034934954 | P2: {=GEOMEAN(IF(C14:C38<0,1+C14:C38))-1} -> -0.034142995 | Q2: =(O2/P2)*100 -> 102.31954
A3: ='MSCI EM_Monthly'!A3 -> 2017-02-28 | B3: =(EMF_Fund_Monthly!B3-EMF_Fund_Monthly!B2)/EMF_Fund_Monthly!B2 -> 0.030549898 | C3: =('MSCI EM_Monthly'!B3-'MSCI EM_Monthly'!B2)/'MSCI EM_Monthly'!B2 -> 0.030611889 | K3: during-covid | L3: {=GEOMEAN(IF(C26:C61 > 0, 1 + B26:B61)) - 1} -> 0.033671607 | M3: {=GEOMEAN(IF(C26:C61 > 0, 1 + C26:C61)) - 1} -> 0.038334239 | N3: =(L3/M3)*100 -> 87.836899 | O3: {=GEOMEAN(IF(C26:C61<0,1+B26:B61))-1} -> -0.049822458 | P3: {=GEOMEAN(IF(C26:C61<0,1+C26:C61))-1} -> -0.048087336 | Q3: =(O3/P3)*100 -> 103.60827
A4: ='MSCI EM_Monthly'!A4 -> 2017-03-31 | B4: =(EMF_Fund_Monthly!B4-EMF_Fund_Monthly!B3)/EMF_Fund_Monthly!B3 -> 0.03030303 | C4: =('MSCI EM_Monthly'!B4-'MSCI EM_Monthly'!B3)/'MSCI EM_Monthly'!B3 -> 0.025243404 | K4: post-covid | L4: {=GEOMEAN(IF(C62:C97 > 0, 1 + B62:B97)) - 1} -> 0.041777523 | M4: {=GEOMEAN(IF(C62:C97 > 0, 1 + C62:C97)) - 1} -> 0.040140759 | N4: =(L4/M4)*100 -> 104.07756 | O4: {=GEOMEAN(IF(C62:C97<0,1+B62:B97))-1} -> -0.047695544 | P4: {=GEOMEAN(IF(C62:C97<0,1+C62:C97))-1} -> -0.037552205 | Q4: =(O4/P4)*100 -> 127.0113
A5: ='MSCI EM_Monthly'!A5 -> 2017-04-28 | B5: =(EMF_Fund_Monthly!B5-EMF_Fund_Monthly!B4)/EMF_Fund_Monthly!B4 -> 0.030690537 | C5: =('MSCI EM_Monthly'!B5-'MSCI EM_Monthly'!B4)/'MSCI EM_Monthly'!B4 -> 0.021893385
A6: ='MSCI EM_Monthly'!A6 -> 2017-05-31 | B6: =(EMF_Fund_Monthly!B6-EMF_Fund_Monthly!B5)/EMF_Fund_Monthly!B5 -> 0.031637717 | C6: =('MSCI EM_Monthly'!B6-'MSCI EM_Monthly'!B5)/'MSCI EM_Monthly'!B5 -> 0.029564371 | L6: EMF und MSCI EM
A7: ='MSCI EM_Monthly'!A7 -> 2017-06-30 | B7: =(EMF_Fund_Monthly!B7-EMF_Fund_Monthly!B6)/EMF_Fund_Monthly!B6 -> 0.0036079375 | C7: =('MSCI EM_Monthly'!B7-'MSCI EM_Monthly'!B6)/'MSCI EM_Monthly'!B6 -> 0.01006657
A8: ='MSCI EM_Monthly'!A8 -> 2017-07-31 | B8: =(EMF_Fund_Monthly!B8-EMF_Fund_Monthly!B7)/EMF_Fund_Monthly!B7 -> 0.071899341 | C8: =('MSCI EM_Monthly'!B8-'MSCI EM_Monthly'!B7)/'MSCI EM_Monthly'!B7 -> 0.059609516
A9: ='MSCI EM_Monthly'!A9 -> 2017-08-31 | B9: =(EMF_Fund_Monthly!B9-EMF_Fund_Monthly!B8)/EMF_Fund_Monthly!B8 -> 0.023476803 | C9: =('MSCI EM_Monthly'!B9-'MSCI EM_Monthly'!B8)/'MSCI EM_Monthly'!B8 -> 0.022305393
A10: ='MSCI EM_Monthly'!A10 -> 2017-09-29 | B10: =(EMF_Fund_Monthly!B10-EMF_Fund_Monthly!B9)/EMF_Fund_Monthly!B9 -> 0.0049153468 | C10: =('MSCI EM_Monthly'!B10-'MSCI EM_Monthly'!B9)/'MSCI EM_Monthly'!B9 -> -0.0039762173
A11: ='MSCI EM_Monthly'!A11 -> 2017-10-31 | B11: =(EMF_Fund_Monthly!B11-EMF_Fund_Monthly!B10)/EMF_Fund_Monthly!B10 -> 0.038043478 | C11: =('MSCI EM_Monthly'!B11-'MSCI EM_Monthly'!B10)/'MSCI EM_Monthly'!B10 -> 0.035055781
A12: ='MSCI EM_Monthly'!A12 -> 2017-11-30 | B12: =(EMF_Fund_Monthly!B12-EMF_Fund_Monthly!B11)/EMF_Fund_Monthly!B11 -> 0.002617801 | C12: =('MSCI EM_Monthly'!B12-'MSCI EM_Monthly'!B11)/'MSCI EM_Monthly'!B11 -> 0.0020073819
A13: ='MSCI EM_Monthly'!A13 -> 2017-12-29 | B13: =(EMF_Fund_Monthly!B13-EMF_Fund_Monthly!B12)/EMF_Fund_Monthly!B12 -> -0.035509138 | C13: =('MSCI EM_Monthly'!B13-'MSCI EM_Monthly'!B12)/'MSCI EM_Monthly'!B12 -> 0.035897151
A14: ='MSCI EM_Monthly'!A14 -> 2018-01-31 | B14: =(EMF_Fund_Monthly!B14-EMF_Fund_Monthly!B13)/EMF_Fund_Monthly!B13 -> 0.064970222 | C14: =('MSCI EM_Monthly'!B14-'MSCI EM_Monthly'!B13)/'MSCI EM_Monthly'!B13 -> 0.083345776
A15: ='MSCI EM_Monthly'!A15 -> 2018-02-28 | B15: =(EMF_Fund_Monthly!B15-EMF_Fund_Monthly!B14)/EMF_Fund_Monthly!B14 -> -0.042196238 | C15: =('MSCI EM_Monthly'!B15-'MSCI EM_Monthly'!B14)/'MSCI EM_Monthly'!B14 -> -0.046119314
A16: ='MSCI EM_Monthly'!A16 -> 2018-03-30 | B16: =(EMF_Fund_Monthly!B16-EMF_Fund_Monthly!B15)/EMF_Fund_Monthly!B15 -> -0.026008493 | C16: =('MSCI EM_Monthly'!B16-'MSCI EM_Monthly'!B15)/'MSCI EM_Monthly'!B15 -> -0.018593381
A17: ='MSCI EM_Monthly'!A17 -> 2018-04-30 | B17: =(EMF_Fund_Monthly!B17-EMF_Fund_Monthly!B16)/EMF_Fund_Monthly!B16 -> -0.023978202 | C17: =('MSCI EM_Monthly'!B17-'MSCI EM_Monthly'!B16)/'MSCI EM_Monthly'!B16 -> -0.0044242844
A18: ='MSCI EM_Monthly'!A18 -> 2018-05-31 | B18: =(EMF_Fund_Monthly!B18-EMF_Fund_Monthly!B17)/EMF_Fund_Monthly!B17 -> -0.027917365 | C18: =('MSCI EM_Monthly'!B18-'MSCI EM_Monthly'!B17)/'MSCI EM_Monthly'!B17 -> -0.035434041
... A36: ='MSCI EM_Monthly'!A36 -> 2019-11-29 | B36: =(EMF_Fund_Monthly!B36-EMF_Fund_Monthly!B35)/EMF_Fund_Monthly!B35 -> 0.011072261 | C36: =('MSCI EM_Monthly'!B36-'MSCI EM_Monthly'!B35)/'MSCI EM_Monthly'!B35 -> -0.0013759545
A37: ='MSCI EM_Monthly'!A37 -> 2019-12-31 | B37: =(EMF_Fund_Monthly!B37-EMF_Fund_Monthly!B36)/EMF_Fund_Monthly!B36 -> 0.010951009 | C37: =('MSCI EM_Monthly'!B37-'MSCI EM_Monthly'!B36)/'MSCI EM_Monthly'!B36 -> 0.074605317 | D37: {=GEOMEAN(IF(C2:C37>0,1+B2:B37))-1} -> 0.02985886 | E37: {=GEOMEAN(IF(C2:C37>0,1+C2:C37))-1} -> 0.0347731 | F37: =(D37/E37)*100 -> 85.867698 | G37: {=GEOMEAN(IF(C2:C37<0,1+B2:B37))-1} -> -0.031165404 | H37: {=GEOMEAN(IF(C2:C37<0,1+C2:C37))-1} -> -0.031119834 | I37: =(G37/H37)*100 -> 100.14644
A38: ='MSCI EM_Monthly'!A38 -> 2020-01-31 | B38: =(EMF_Fund_Monthly!B38-EMF_Fund_Monthly!B37)/EMF_Fund_Monthly!B37 -> -0.048460661 | C38: =('MSCI EM_Monthly'!B38-'MSCI EM_Monthly'!B37)/'MSCI EM_Monthly'!B37 -> -0.046614666 | D38: {=GEOMEAN(IF(C3:C38>0,1+B3:B38))-1} -> 0.02985886 | E38: {=GEOMEAN(IF(C3:C38>0,1+C3:C38))-1} -> 0.0347731 | F38: =(D38/E38)*100 -> 85.867698 | G38: {=GEOMEAN(IF(C3:C38<0,1+B3:B38))-1} -> -0.032328139 | H38: {=GEOMEAN(IF(C3:C38<0,1+C3:C38))-1} -> -0.032160612 | I38: =(G38/H38)*100 -> 100.52091
A39: ='MSCI EM_Monthly'!A39 -> 2020-02-28 | B39: =(EMF_Fund_Monthly!B39-EMF_Fund_Monthly!B38)/EMF_Fund_Monthly!B38 -> -0.045536249 | C39: =('MSCI EM_Monthly'!B39-'MSCI EM_Monthly'!B38)/'MSCI EM_Monthly'!B38 -> -0.05273315 | D39: {=GEOMEAN(IF(C4:C39>0,1+B4:B39))-1} -> 0.029824321 | E39: {=GEOMEAN(IF(C4:C39>0,1+C4:C39))-1} -> 0.034981601 | F39: =(D39/E39)*100 -> 85.257163 | G39: {=GEOMEAN(IF(C4:C39<0,1+B4:B39))-1} -> -0.033158975 | H39: {=GEOMEAN(IF(C4:C39<0,1+C4:C39))-1} -> -0.033459386 | I39: =(G39/H39)*100 -> 99.102162
A40: ='MSCI EM_Monthly'!A40 -> 2020-03-31 | B40: =(EMF_Fund_Monthly!B40-EMF_Fund_Monthly!B39)/EMF_Fund_Monthly!B39 -> -0.18330195 | C40: =('MSCI EM_Monthly'!B40-'MSCI EM_Monthly'!B39)/'MSCI EM_Monthly'!B39 -> -0.15402281 | D40: {=GEOMEAN(IF(C5:C40>0,1+B5:B40))-1} -> 0.029799131 | E40: {=GEOMEAN(IF(C5:C40>0,1+C5:C40))-1} -> 0.035496692 | F40: =(D40/E40)*100 -> 83.949038 | G40: {=GEOMEAN(IF(C5:C40<0,1+B5:B40))-1} -> -0.042709641 | H40: {=GEOMEAN(IF(C5:C40<0,1+C5:C40))-1} -> -0.041004669 | I40: =(G40/H40)*100 -> 104.158
A41: ='MSCI EM_Monthly'!A41 -> 2020-04-30 | B41: =(EMF_Fund_Monthly!B41-EMF_Fund_Monthly!B40)/EMF_Fund_Monthly!B40 -> 0.089162183 | C41: =('MSCI EM_Monthly'!B41-'MSCI EM_Monthly'!B40)/'MSCI EM_Monthly'!B40 -> 0.091573835 | D41: {=GEOMEAN(IF(C6:C41>0,1+B6:B41))-1} -> 0.032794219 | E41: {=GEOMEAN(IF(C6:C41>0,1+C6:C41))-1} -> 0.039097932 | F41: =(D41/E41)*100 -> 83.877118 | G41: {=GEOMEAN(IF(C6:C41<0,1+B6:B41))-1} -> -0.042709641 | H41: {=GEOMEAN(IF(C6:C41<0,1+C6:C41))-1} -> -0.041004669 | I41: =(G41/H41)*100 -> 104.158
A42: ='MSCI EM_Monthly'!A42 -> 2020-05-29 | B42: =(EMF_Fund_Monthly!B42-EMF_Fund_Monthly!B41)/EMF_Fund_Monthly!B41 -> 0.016231475 | C42: =('MSCI EM_Monthly'!B42-'MSCI EM_Monthly'!B41)/'MSCI EM_Monthly'!B41 -> 0.0076807519 | D42: {=GEOMEAN(IF(C7:C42>0,1+B7:B42))-1} -> 0.031976656 | E42: {=GEOMEAN(IF(C7:C42>0,1+C7:C42))-1} -> 0.03792363 | F42: =(D42/E42)*100 -> 84.318554 | G42: {=GEOMEAN(IF(C7:C42<0,1+B7:B42))-1} -> -0.042709641 | H42: {=GEOMEAN(IF(C7:C42<0,1+C7:C42))-1} -> -0.041004669 | I42: =(G42/H42)*100 -> 104.158
A43: ='MSCI EM_Monthly'!A43 -> 2020-06-30 | B43: =(EMF_Fund_Monthly!B43-EMF_Fund_Monthly!B42)/EMF_Fund_Monthly!B42 -> 0.088194444 | C43: =('MSCI EM_Monthly'!B43-'MSCI EM_Monthly'!B42)/'MSCI EM_Monthly'!B42 -> 0.07350903 | D43: {=GEOMEAN(IF(C8:C43>0,1+B8:B43))-1} -> 0.036381076 | E43: {=GEOMEAN(IF(C8:C43>0,1+C8:C43))-1} -> 0.04125669 | F43: =(D43/E43)*100 -> 88.182246 | G43: {=GEOMEAN(IF(C8:C43<0,1+B8:B43))-1} -> -0.042709641 | H43: {=GEOMEAN(IF(C8:C43<0,1+C8:C43))-1} -> -0.041004669 | I43: =(G43/H43)*100 -> 104.158
A44: ='MSCI EM_Monthly'!A44 -> 2020-07-31 | B44: =(EMF_Fund_Monthly!B44-EMF_Fund_Monthly!B43)/EMF_Fund_Monthly!B43 -> 0.098276962 | C44: =('MSCI EM_Monthly'!B44-'MSCI EM_Monthly'!B43)/'MSCI EM_Monthly'!B43 -> 0.089361839 | D44: {=GEOMEAN(IF(C9:C44>0,1+B9:B44))-1} -> 0.037707969 | E44: {=GEOMEAN(IF(C9:C44>0,1+C9:C44))-1} -> 0.042775379 | F44: =(D44/E44)*100 -> 88.153442 | G44: {=GEOMEAN(IF(C9:C44<0,1+B9:B44))-1} -> -0.042709641 | H44: {=GEOMEAN(IF(C9:C44<0,1+C9:C44))-1} -> -0.041004669 | I44: =(G44/H44)*100 -> 104.158
A45: ='MSCI EM_Monthly'!A45 -> 2020-08-31 | B45: =(EMF_Fund_Monthly!B45-EMF_Fund_Monthly!B44)/EMF_Fund_Monthly!B44 -> 0.021499128 | C45: =('MSCI EM_Monthly'!B45-'MSCI EM_Monthly'!B44)/'MSCI EM_Monthly'!B44 -> 0.022104582 | D45: {=GEOMEAN(IF(C10:C45>0,1+B10:B45))-1} -> 0.037602337 | E45: {=GEOMEAN(IF(C10:C45>0,1+C10:C45))-1} -> 0.042764597 | F45: =(D45/E45)*100 -> 87.928658 | G45: {=GEOMEAN(IF(C10:C45<0,1+B10:B45))-1} -> -0.042709641 | H45: {=GEOMEAN(IF(C10:C45<0,1+C10:C45))-1} -> -0.041004669 | I45: =(G45/H45)*100 -> 104.158
A46: ='MSCI EM_Monthly'!A46 -> 2020-09-30 | B46: =(EMF_Fund_Monthly!B46-EMF_Fund_Monthly!B45)/EMF_Fund_Monthly!B45 -> -0.0085324232 | C46: =('MSCI EM_Monthly'!B46-'MSCI EM_Monthly'!B45)/'MSCI EM_Monthly'!B45 -> -0.016039313 | D46: {=GEOMEAN(IF(C11:C46>0,1+B11:B46))-1} -> 0.037602337 | E46: {=GEOMEAN(IF(C11:C46>0,1+C11:C46))-1} -> 0.042764597 | F46: =(D46/E46)*100 -> 87.928658 | G46: {=GEOMEAN(IF(C11:C46<0,1+B11:B46))-1} -> -0.043467984 | H46: {=GEOMEAN(IF(C11:C46<0,1+C11:C46))-1} -> -0.041691807 | I46: =(G46/H46)*100 -> 104.26025
A47: ='MSCI EM_Monthly'!A47 -> 2020-10-30 | B47: =(EMF_Fund_Monthly!B47-EMF_Fund_Monthly!B46)/EMF_Fund_Monthly!B46 -> 0.016064257 | C47: =('MSCI EM_Monthly'!B47-'MSCI EM_Monthly'!B46)/'MSCI EM_Monthly'!B46 -> 0.020602973 | D47: {=GEOMEAN(IF(C12:C47>0,1+B12:B47))-1} -> 0.036434268 | E47: {=GEOMEAN(IF(C12:C47>0,1+C12:C47))-1} -> 0.041993143 | F47: =(D47/E47)*100 -> 86.762422 | G47: {=GEOMEAN(IF(C12:C47<0,1+B12:B47))-1} -> -0.043467984 | H47: {=GEOMEAN(IF(C12:C47<0,1+C12:C47))-1} -> -0.041691807 | I47: =(G47/H47)*100 -> 104.26025
A48: ='MSCI EM_Monthly'!A48 -> 2020-11-30 | B48: =(EMF_Fund_Monthly!B48-EMF_Fund_Monthly!B47)/EMF_Fund_Monthly!B47 -> 0.083003953 | C48: =('MSCI EM_Monthly'!B48-'MSCI EM_Monthly'!B47)/'MSCI EM_Monthly'!B47 -> 0.09248747 | D48: {=GEOMEAN(IF(C13:C48>0,1+B13:B48))-1} -> 0.040649881 | E48: {=GEOMEAN(IF(C13:C48>0,1+C13:C48))-1} -> 0.046745114 | F48: =(D48/E48)*100 -> 86.960707 | G48: {=GEOMEAN(IF(C13:C48<0,1+B13:B48))-1} -> -0.043467984 | H48: {=GEOMEAN(IF(C13:C48<0,1+C13:C48))-1} -> -0.041691807 | I48: =(G48/H48)*100 -> 104.26025
... A97: ='MSCI EM_Monthly'!A97 -> 2024-12-31 | B97: =(EMF_Fund_Monthly!B97-EMF_Fund_Monthly!B96)/EMF_Fund_Monthly!B96 -> -0.053763441 | C97: =('MSCI EM_Monthly'!B97-'MSCI EM_Monthly'!B96)/'MSCI EM_Monthly'!B96 -> -0.0013732325 | D97: {=GEOMEAN(IF(C62:C97>0,1+B62:B97))-1} -> 0.041777523 | E97: {=GEOMEAN(IF(C62:C97>0,1+C62:C97))-1} -> 0.040140759 | F97: =(D97/E97)*100 -> 104.07756 | G97: {=GEOMEAN(IF(C62:C97<0,1+B62:B97))-1} -> -0.047695544 | H97: {=GEOMEAN(IF(C62:C97<0,1+C62:C97))-1} -> -0.037552205 | I97: =(G97/H97)*100 -> 127.0113

Sheet Risk-free rate
A1: observation_date | B1: TB3MS
A2: 42736 | B2: 0.51
A3: 42767 | B3: 0.52
A4: 42795 | B4: 0.74
A5: 42826 | B5: 0.8
A6: 42856 | B6: 0.89
A7: 42887 | B7: 0.98
A8: 42917 | B8: 1.07
A9: 42948 | B9: 1.01
A10: 42979 | B10: 1.03
A11: 43009 | B11: 1.07
A12: 43040 | B12: 1.23
A13: 43070 | B13: 1.32
... A97: 45627 | B97: 4.27

Sheet EMF_Fund_Monthly
A1: Date | B1: EMF NAV
A2: 2017-01-31 | B2: 14.73 | C2: =A2='MSCI EM_Monthly'!A2 -> TRUE
A3: 2017-02-28 | B3: 15.18 | C3: =A3='MSCI EM_Monthly'!A3 -> TRUE
A4: 2017-03-31 | B4: 15.64 | C4: =A4='MSCI EM_Monthly'!A4 -> TRUE
A5: 2017-04-28 | B5: 16.12 | C5: =A5='MSCI EM_Monthly'!A5 -> TRUE
A6: 2017-05-31 | B6: 16.63 | C6: =A6='MSCI EM_Monthly'!A6 -> TRUE
A7: 2017-06-30 | B7: 16.69 | C7: =A7='MSCI EM_Monthly'!A7 -> TRUE
A8: 2017-07-31 | B8: 17.89 | C8: =A8='MSCI EM_Monthly'!A8 -> TRUE
A9: 2017-08-31 | B9: 18.31 | C9: =A9='MSCI EM_Monthly'!A9 -> TRUE
A10: 2017-09-29 | B10: 18.4 | C10: =A10='MSCI EM_Monthly'!A10 -> TRUE
A11: 2017-10-31 | B11: 19.1 | C11: =A11='MSCI EM_Monthly'!A11 -> TRUE
A12: 2017-11-30 | B12: 19.15 | C12: =A12='MSCI EM_Monthly'!A12 -> TRUE
A13: 2017-12-29 | B13: 18.47 | C13: =A13='MSCI EM_Monthly'!A13 -> TRUE
... A97: 2024-12-31 | B97: 14.08 | C97: =A97='MSCI EM_Monthly'!A97 -> TRUE

Sheet MSCI EM_Monthly
A1: Date | B1: MSCI EM (Emerging Markets) Index
A2: 2017-01-31 | B2: 400.62607
A3: 2017-02-28 | B3: 412.88999
A4: 2017-03-31 | B4: 423.31274
A5: 2017-04-28 | B5: 432.58049
A6: 2017-05-31 | B6: 445.36946
A7: 2017-06-30 | B7: 449.8528
A8: 2017-07-31 | B8: 476.66831
A9: 2017-08-31 | B9: 487.30059
A10: 2017-09-29 | B10: 485.36297
A11: 2017-10-31 | B11: 502.37775
A12: 2017-11-30 | B12: 503.38622
A13: 2017-12-29 | B13: 521.45635
... A97: 2024-12-31 | B97: 573.88627

Sheet Metrics_36m (2)
A1: Date | B1: EMF US | C1: MSCI EM Index | D1: Return EMF US, Rp | E1: Return MSCI EM, Rm | F1: Risk-free | G1: Fund Excess | H1: Benchmark Excess | I1: Alpha | J1: Beta
A2: ='MSCI EM_Monthly'!A2 -> 2017-01-31 | B2: =EMF_Fund_Monthly!B2 -> 14.73 | C2: ='MSCI EM_Monthly'!B2 -> 400.62607 | F2: =(1+'Risk-free rate'!B2/100)^(1/12)-1 -> 0.00042400979
A3: ='MSCI EM_Monthly'!A3 -> 2017-02-28 | B3: =EMF_Fund_Monthly!B3 -> 15.18 | C3: ='MSCI EM_Monthly'!B3 -> 412.88999 | D3: =(EMF_Fund_Monthly!B3-EMF_Fund_Monthly!B2)/EMF_Fund_Monthly!B2 -> 0.030549898 | E3: =('MSCI EM_Monthly'!B3-'MSCI EM_Monthly'!B2)/'MSCI EM_Monthly'!B2 -> 0.030611889 | F3: =(1+'Risk-free rate'!B3/100)^(1/12)-1 -> 0.00043230397 | G3: =D3-$F3 -> 0.030117594 | H3: =E3-$F3 -> 0.030179585
A4: ='MSCI EM_Monthly'!A4 -> 2017-03-31 | B4: =EMF_Fund_Monthly!B4 -> 15.64 | C4: ='MSCI EM_Monthly'!B4 -> 423.31274 | D4: =(EMF_Fund_Monthly!B4-EMF_Fund_Monthly!B3)/EMF_Fund_Monthly!B3 -> 0.03030303 | E4: =('MSCI EM_Monthly'!B4-'MSCI EM_Monthly'!B3)/'MSCI EM_Monthly'!B3 -> 0.025243404 | F4: =(1+'Risk-free rate'!B4/100)^(1/12)-1 -> 0.00061458497 | G4: =D4-$F4 -> 0.029688445 | H4: =E4-$F4 -> 0.024628819
A5: ='MSCI EM_Monthly'!A5 -> 2017-04-28 | B5: =EMF_Fund_Monthly!B5 -> 16.12 | C5: ='MSCI EM_Monthly'!B5 -> 432.58049 | D5: =(EMF_Fund_Monthly!B5-EMF_Fund_Monthly!B4)/EMF_Fund_Monthly!B4 -> 0.030690537 | E5: =('MSCI EM_Monthly'!B5-'MSCI EM_Monthly'!B4)/'MSCI EM_Monthly'!B4 -> 0.021893385 | F5: =(1+'Risk-free rate'!B5/100)^(1/12)-1 -> 0.00066423464 | G5: =D5-$F5 -> 0.030026302 | H5: =E5-$F5 -> 0.021229151
A6: ='MSCI EM_Monthly'!A6 -> 2017-05-31 | B6: =EMF_Fund_Monthly!B6 -> 16.63 | C6: ='MSCI EM_Monthly'!B6 -> 445.36946 | D6: =(EMF_Fund_Monthly!B6-EMF_Fund_Monthly!B5)/EMF_Fund_Monthly!B5 -> 0.031637717 | E6: =('MSCI EM_Monthly'!B6-'MSCI EM_Monthly'!B5)/'MSCI EM_Monthly'!B5 -> 0.029564371 | F6: =(1+'Risk-free rate'!B6/100)^(1/12)-1 -> 0.00073865838 | G6: =D6-$F6 -> 0.030899059 | H6: =E6-$F6 -> 0.028825712
A7: ='MSCI EM_Monthly'!A7 -> 2017-06-30 | B7: =EMF_Fund_Monthly!B7 -> 16.69 | C7: ='MSCI EM_Monthly'!B7 -> 449.8528 | D7: =(EMF_Fund_Monthly!B7-EMF_Fund_Monthly!B6)/EMF_Fund_Monthly!B6 -> 0.0036079375 | E7: =('MSCI EM_Monthly'!B7-'MSCI EM_Monthly'!B6)/'MSCI EM_Monthly'!B6 -> 0.01006657 | F7: =(1+'Risk-free rate'!B7/100)^(1/12)-1 -> 0.00081302128 | G7: =D7-$F7 -> 0.0027949162 | H7: =E7-$F7 -> 0.009253549
A8: ='MSCI EM_Monthly'!A8 -> 2017-07-31 | B8: =EMF_Fund_Monthly!B8 -> 17.89 | C8: ='MSCI EM_Monthly'!B8 -> 476.66831 | D8: =(EMF_Fund_Monthly!B8-EMF_Fund_Monthly!B7)/EMF_Fund_Monthly!B7 -> 0.071899341 | E8: =('MSCI EM_Monthly'!B8-'MSCI EM_Monthly'!B7)/'MSCI EM_Monthly'!B7 -> 0.059609516 | F8: =(1+'Risk-free rate'!B8/100)^(1/12)-1 -> 0.00088732345 | G8: =D8-$F8 -> 0.071012017 | H8: =E8-$F8 -> 0.058722193
A9: ='MSCI EM_Monthly'!A9 -> 2017-08-31 | B9: =EMF_Fund_Monthly!B9 -> 18.31 | C9: ='MSCI EM_Monthly'!B9 -> 487.30059 | D9: =(EMF_Fund_Monthly!B9-EMF_Fund_Monthly!B8)/EMF_Fund_Monthly!B8 -> 0.023476803 | E9: =('MSCI EM_Monthly'!B9-'MSCI EM_Monthly'!B8)/'MSCI EM_Monthly'!B8 -> 0.022305393 | F9: =(1+'Risk-free rate'!B9/100)^(1/12)-1 -> 0.00083779541 | G9: =D9-$F9 -> 0.022639007 | H9: =E9-$F9 -> 0.021467597
A10: ='MSCI EM_Monthly'!A10 -> 2017-09-29 | B10: =EMF_Fund_Monthly!B10 -> 18.4 | C10: ='MSCI EM_Monthly'!B10 -> 485.36297 | D10: =(EMF_Fund_Monthly!B10-EMF_Fund_Monthly!B9)/EMF_Fund_Monthly!B9 -> 0.0049153468 | E10: =('MSCI EM_Monthly'!B10-'MSCI EM_Monthly'!B9)/'MSCI EM_Monthly'!B9 -> -0.0039762173 | F10: =(1+'Risk-free rate'!B10/100)^(1/12)-1 -> 0.00085430775 | G10: =D10-$F10 -> 0.0040610391 | H10: =E10-$F10 -> -0.004830525
A11: ='MSCI EM_Monthly'!A11 -> 2017-10-31 | B11: =EMF_Fund_Monthly!B11 -> 19.1 | C11: ='MSCI EM_Monthly'!B11 -> 502.37775 | D11: =(EMF_Fund_Monthly!B11-EMF_Fund_Monthly!B10)/EMF_Fund_Monthly!B10 -> 0.038043478 | E11: =('MSCI EM_Monthly'!B11-'MSCI EM_Monthly'!B10)/'MSCI EM_Monthly'!B10 -> 0.035055781 | F11: =(1+'Risk-free rate'!B11/100)^(1/12)-1 -> 0.00088732345 | G11: =D11-$F11 -> 0.037156155 | H11: =E11-$F11 -> 0.034168457
A12: ='MSCI EM_Monthly'!A12 -> 2017-11-30 | B12: =EMF_Fund_Monthly!B12 -> 19.15 | C12: ='MSCI EM_Monthly'!B12 -> 503.38622 | D12: =(EMF_Fund_Monthly!B12-EMF_Fund_Monthly!B11)/EMF_Fund_Monthly!B11 -> 0.002617801 | E12: =('MSCI EM_Monthly'!B12-'MSCI EM_Monthly'!B11)/'MSCI EM_Monthly'!B11 -> 0.0020073819 | F12: =(1+'Risk-free rate'!B12/100)^(1/12)-1 -> 0.0010192666 | G12: =D12-$F12 -> 0.0015985345 | H12: =E12-$F12 -> 0.00098811532
A13: ='MSCI EM_Monthly'!A13 -> 2017-12-29 | B13: =EMF_Fund_Monthly!B13 -> 18.47 | C13: ='MSCI EM_Monthly'!B13 -> 521.45635 | D13: =(EMF_Fund_Monthly!B13-EMF_Fund_Monthly!B12)/EMF_Fund_Monthly!B12 -> -0.035509138 | E13: =('MSCI EM_Monthly'!B13-'MSCI EM_Monthly'!B12)/'MSCI EM_Monthly'!B12 -> 0.035897151 | F13: =(1+'Risk-free rate'!B13/100)^(1/12)-1 -> 0.0010934006 | G13: =D13-$F13 -> -0.036602539 | H13: =E13-$F13 -> 0.03480375
A14: ='MSCI EM_Monthly'!A14 -> 2018-01-31 | B14: =EMF_Fund_Monthly!B14 -> 19.67 | C14: ='MSCI EM_Monthly'!B14 -> 564.91753 | D14: =(EMF_Fund_Monthly!B14-EMF_Fund_Monthly!B13)/EMF_Fund_Monthly!B13 -> 0.064970222 | E14: =('MSCI EM_Monthly'!B14-'MSCI EM_Monthly'!B13)/'MSCI EM_Monthly'!B13 -> 0.083345776 | F14: =(1+'Risk-free rate'!B14/100)^(1/12)-1 -> 0.0011674743 | G14: =D14-$F14 -> 0.063802748 | H14: =E14-$F14 -> 0.082178302
... A37: ='MSCI EM_Monthly'!A37 -> 2019-12-31 | B37: =EMF_Fund_Monthly!B37 -> 17.54 | C37: ='MSCI EM_Monthly'!B37 -> 527.55515 | D37: =(EMF_Fund_Monthly!B37-EMF_Fund_Monthly!B36)/EMF_Fund_Monthly!B36 -> 0.010951009 | E37: =('MSCI EM_Monthly'!B37-'MSCI EM_Monthly'!B36)/'MSCI EM_Monthly'!B36 -> 0.074605317 | F37: =(1+'Risk-free rate'!B37/100)^(1/12)-1 -> 0.0012743633 | G37: =D37-$F37 -> 0.0096766454 | H37: =E37-$F37 -> 0.073330954
A38: ='MSCI EM_Monthly'!A38 -> 2020-01-31 | B38: =EMF_Fund_Monthly!B38 -> 16.69 | C38: ='MSCI EM_Monthly'!B38 -> 502.96334 | D38: =(EMF_Fund_Monthly!B38-EMF_Fund_Monthly!B37)/EMF_Fund_Monthly!B37 -> -0.048460661 | E38: =('MSCI EM_Monthly'!B38-'MSCI EM_Monthly'!B37)/'MSCI EM_Monthly'!B37 -> -0.046614666 | F38: =(1+'Risk-free rate'!B38/100)^(1/12)-1 -> 0.001257927 | G38: =D38-$F38 -> -0.049718588 | H38: =E38-$F38 -> -0.047872593 | I38: =((1+INDEX(LINEST(G3:G38,H3:H38,TRUE,TRUE),1,2))^12)-1 -> -0.027535281 | J38: =INDEX(LINEST(G3:G38, H3:H38, TRUE, TRUE), 1, 1) -> 0.9165416
A39: ='MSCI EM_Monthly'!A39 -> 2020-02-28 | B39: =EMF_Fund_Monthly!B39 -> 15.93 | C39: ='MSCI EM_Monthly'!B39 -> 476.4405 | D39: =(EMF_Fund_Monthly!B39-EMF_Fund_Monthly!B38)/EMF_Fund_Monthly!B38 -> -0.045536249 | E39: =('MSCI EM_Monthly'!B39-'MSCI EM_Monthly'!B38)/'MSCI EM_Monthly'!B38 -> -0.05273315 | F39: =(1+'Risk-free rate'!B39/100)^(1/12)-1 -> 0.001257927 | G39: =D39-$F39 -> -0.046794176 | H39: =E39-$F39 -> -0.053991077 | I39: =((1+INDEX(LINEST(G4:G39,H4:H39,TRUE,TRUE),1,2))^12)-1 -> -0.027196881 | J39: =INDEX(LINEST(G4:G39, H4:H39, TRUE, TRUE), 1, 1) -> 0.91007615
A40: ='MSCI EM_Monthly'!A40 -> 2020-03-31 | B40: =EMF_Fund_Monthly!B40 -> 13.01 | C40: ='MSCI EM_Monthly'!B40 -> 403.05779 | D40: =(EMF_Fund_Monthly!B40-EMF_Fund_Monthly!B39)/EMF_Fund_Monthly!B39 -> -0.18330195 | E40: =('MSCI EM_Monthly'!B40-'MSCI EM_Monthly'!B39)/'MSCI EM_Monthly'!B39 -> -0.15402281 | F40: =(1+'Risk-free rate'!B40/100)^(1/12)-1 -> 0.00024134605 | G40: =D40-$F40 -> -0.18354329 | H40: =E40-$F40 -> -0.15426416 | I40: =((1+INDEX(LINEST(G5:G40,H5:H40,TRUE,TRUE),1,2))^12)-1 -> -0.042279888 | J40: =INDEX(LINEST(G5:G40, H5:H40, TRUE, TRUE), 1, 1) -> 0.9782645
A41: ='MSCI EM_Monthly'!A41 -> 2020-04-30 | B41: =EMF_Fund_Monthly!B41 -> 14.17 | C41: ='MSCI EM_Monthly'!B41 -> 439.96734 | D41: =(EMF_Fund_Monthly!B41-EMF_Fund_Monthly!B40)/EMF_Fund_Monthly!B40 -> 0.089162183 | E41: =('MSCI EM_Monthly'!B41-'MSCI EM_Monthly'!B40)/'MSCI EM_Monthly'!B40 -> 0.091573835 | F41: =(1+'Risk-free rate'!B41/100)^(1/12)-1 -> 0.00011659187 | G41: =D41-$F41 -> 0.089045591 | H41: =E41-$F41 -> 0.091457243 | I41: =((1+INDEX(LINEST(G6:G41,H6:H41,TRUE,TRUE),1,2))^12)-1 -> -0.045378586 | J41: =INDEX(LINEST(G6:G41, H6:H41, TRUE, TRUE), 1, 1) -> 0.97848785
A42: ='MSCI EM_Monthly'!A42 -> 2020-05-29 | B42: =EMF_Fund_Monthly!B42 -> 14.4 | C42: ='MSCI EM_Monthly'!B42 -> 443.34662 | D42: =(EMF_Fund_Monthly!B42-EMF_Fund_Monthly!B41)/EMF_Fund_Monthly!B41 -> 0.016231475 | E42: =('MSCI EM_Monthly'!B42-'MSCI EM_Monthly'!B41)/'MSCI EM_Monthly'!B41 -> 0.0076807519 | F42: =(1+'Risk-free rate'!B42/100)^(1/12)-1 -> 0.00010826884 | G42: =D42-$F42 -> 0.016123206 | H42: =E42-$F42 -> 0.0075724831 | I42: =((1+INDEX(LINEST(G7:G42,H7:H42,TRUE,TRUE),1,2))^12)-1 -> -0.043455304 | J42: =INDEX(LINEST(G7:G42, H7:H42, TRUE, TRUE), 1, 1) -> 0.9775108
A43: ='MSCI EM_Monthly'!A43 -> 2020-06-30 | B43: =EMF_Fund_Monthly!B43 -> 15.67 | C43: ='MSCI EM_Monthly'!B43 -> 475.9366 | D43: =(EMF_Fund_Monthly!B43-EMF_Fund_Monthly!B42)/EMF_Fund_Monthly!B42 -> 0.088194444 | E43: =('MSCI EM_Monthly'!B43-'MSCI EM_Monthly'!B42)/'MSCI EM_Monthly'!B42 -> 0.07350903 | F43: =(1+'Risk-free rate'!B43/100)^(1/12)-1 -> 0.00013323566 | G43: =D43-$F43 -> 0.088061209 | H43: =E43-$F43 -> 0.073375794 | I43: =((1+INDEX(LINEST(G8:G43,H8:H43,TRUE,TRUE),1,2))^12)-1 -> -0.036478295 | J43: =INDEX(LINEST(G8:G43, H8:H43, TRUE, TRUE), 1, 1) -> 0.99203317
A44: ='MSCI EM_Monthly'!A44 -> 2020-07-31 | B44: =EMF_Fund_Monthly!B44 -> 17.21 | C44: ='MSCI EM_Monthly'!B44 -> 518.46717 | D44: =(EMF_Fund_Monthly!B44-EMF_Fund_Monthly!B43)/EMF_Fund_Monthly!B43 -> 0.098276962 | E44: =('MSCI EM_Monthly'!B44-'MSCI EM_Monthly'!B43)/'MSCI EM_Monthly'!B43 -> 0.089361839 | F44: =(1+'Risk-free rate'!B44/100)^(1/12)-1 -> 0.00010826884 | G44: =D44-$F44 -> 0.098168694 | H44: =E44-$F44 -> 0.08925357 | I44: =((1+INDEX(LINEST(G9:G44,H9:H44,TRUE,TRUE),1,2))^12)-1 -> -0.037545126 | J44: =INDEX(LINEST(G9:G44, H9:H44, TRUE, TRUE), 1, 1) -> 0.99406041
A45: ='MSCI EM_Monthly'!A45 -> 2020-08-31 | B45: =EMF_Fund_Monthly!B45 -> 17.58 | C45: ='MSCI EM_Monthly'!B45 -> 529.92767 | D45: =(EMF_Fund_Monthly!B45-EMF_Fund_Monthly!B44)/EMF_Fund_Monthly!B44 -> 0.021499128 | E45: =('MSCI EM_Monthly'!B45-'MSCI EM_Monthly'!B44)/'MSCI EM_Monthly'!B44 -> 0.022104582 | F45: =(1+'Risk-free rate'!B45/100)^(1/12)-1 -> 8.3295163e-05 | G45: =D45-$F45 -> 0.021415833 | H45: =E45-$F45 -> 0.022021287 | I45: =((1+INDEX(LINEST(G10:G45,H10:H45,TRUE,TRUE),1,2))^12)-1 -> -0.038106885 | J45: =INDEX(LINEST(G10:G45, H10:H45, TRUE, TRUE), 1, 1) -> 0.9937535
A46: ='MSCI EM_Monthly'!A46 -> 2020-09-30 | B46: =EMF_Fund_Monthly!B46 -> 17.43 | C46: ='MSCI EM_Monthly'!B46 -> 521.428 | D46: =(EMF_Fund_Monthly!B46-EMF_Fund_Monthly!B45)/EMF_Fund_Monthly!B45 -> -0.0085324232 | E46: =('MSCI EM_Monthly'!B46-'MSCI EM_Monthly'!B45)/'MSCI EM_Monthly'!B45 -> -0.016039313 | F46: =(1+'Risk-free rate'!B46/100)^(1/12)-1 -> 9.1620484e-05 | G46: =D46-$F46 -> -0.0086240437 | H46: =E46-$F46 -> -0.016130934 | I46: =((1+INDEX(LINEST(G11:G46,H11:H46,TRUE,TRUE),1,2))^12)-1 -> -0.038548336 | J46: =INDEX(LINEST(G11:G46, H11:H46, TRUE, TRUE), 1, 1) -> 0.99270574
A47: ='MSCI EM_Monthly'!A47 -> 2020-10-30 | B47: =EMF_Fund_Monthly!B47 -> 17.71 | C47: ='MSCI EM_Monthly'!B47 -> 532.17096 | D47: =(EMF_Fund_Monthly!B47-EMF_Fund_Monthly!B46)/EMF_Fund_Monthly!B46 -> 0.016064257 | E47: =('MSCI EM_Monthly'!B47-'MSCI EM_Monthly'!B46)/'MSCI EM_Monthly'!B46 -> 0.020602973 | F47: =(1+'Risk-free rate'!B47/100)^(1/12)-1 -> 8.3295163e-05 | G47: =D47-$F47 -> 0.015980962 | H47: =E47-$F47 -> 0.020519678 | I47: =((1+INDEX(LINEST(G12:G47,H12:H47,TRUE,TRUE),1,2))^12)-1 -> -0.040951076 | J47: =INDEX(LINEST(G12:G47, H12:H47, TRUE, TRUE), 1, 1) -> 0.99048619
A48: ='MSCI EM_Monthly'!A48 -> 2020-11-30 | B48: =EMF_Fund_Monthly!B48 -> 19.18 | C48: ='MSCI EM_Monthly'!B48 -> 581.39011 | D48: =(EMF_Fund_Monthly!B48-EMF_Fund_Monthly!B47)/EMF_Fund_Monthly!B47 -> 0.083003953 | E48: =('MSCI EM_Monthly'!B48-'MSCI EM_Monthly'!B47)/'MSCI EM_Monthly'!B47 -> 0.09248747 | F48: =(1+'Risk-free rate'!B48/100)^(1/12)-1 -> 7.496908e-05 | G48: =D48-$F48 -> 0.082928983 | H48: =E48-$F48 -> 0.092412501 | I48: =((1+INDEX(LINEST(G13:G48,H13:H48,TRUE,TRUE),1,2))^12)-1 -> -0.04371069 | J48: =INDEX(LINEST(G13:G48, H13:H48, TRUE, TRUE), 1, 1) -> 0.98658834
A49: ='MSCI EM_Monthly'!A49 -> 2020-12-31 | B49: =EMF_Fund_Monthly!B49 -> 19.98 | C49: ='MSCI EM_Monthly'!B49 -> 624.13011 | D49: =(EMF_Fund_Monthly!B49-EMF_Fund_Monthly!B48)/EMF_Fund_Monthly!B48 -> 0.041710115 | E49: =('MSCI EM_Monthly'!B49-'MSCI EM_Monthly'!B48)/'MSCI EM_Monthly'!B48 -> 0.073513468 | F49: =(1+'Risk-free rate'!B49/100)^(1/12)-1 -> 7.496908e-05 | G49: =D49-$F49 -> 0.041635146 | H49: =E49-$F49 -> 0.073438499 | I49: =((1+INDEX(LINEST(G14:G49,H14:H49,TRUE,TRUE),1,2))^12)-1 -> -0.03086634 | J49: =INDEX(LINEST(G14:G49, H14:H49, TRUE, TRUE), 1, 1) -> 0.98772321
... A97: ='MSCI EM_Monthly'!A97 -> 2024-12-31 | B97: =EMF_Fund_Monthly!B97 -> 14.08 | C97: ='MSCI EM_Monthly'!B97 -> 573.88627 | D97: =(EMF_Fund_Monthly!B97-EMF_Fund_Monthly!B96)/EMF_Fund_Monthly!B96 -> -0.053763441 | E97: =('MSCI EM_Monthly'!B97-'MSCI EM_Monthly'!B96)/'MSCI EM_Monthly'!B96 -> -0.0013732325 | F97: =(1+'Risk-free rate'!B97/100)^(1/12)-1 -> 0.0034905364 | G97: =D97-$F97 -> -0.057253977 | H97: =E97-$F97 -> -0.0048637689 | I97: =((1+INDEX(LINEST(G62:G97,H62:H97,TRUE,TRUE),1,2))^12)-1 -> -0.046118063 | J97: =INDEX(LINEST(G62:G97, H62:H97, TRUE, TRUE), 1, 1) -> 1.0928214
