Workbook

Sheet Rolling Aplha
A1: Date | B1: GSCEQBA | C1: MSCI-World | D1: Return GSCEQBA, Rp | E1: Return MSCI World Index | F1: Risk-free | G1: Fund Excess | H1: Benchmark Excess | I1: Alpha | J1: Beta
A2: =MSCI_World_Index_Monthly!A14 -> 2018-01-31 | B2: =GSCEQBA_Monthly!B14 -> 23.92 | C2: =MSCI_World_Index_Monthly!B14 -> 6241.6214 | F2: =(1+'Risk-free rate'!B14/100)^(1/12)-1 -> 0.0011674743
A3: =MSCI_World_Index_Monthly!A15 -> 2018-02-28 | B3: =GSCEQBA_Monthly!B15 -> 22.99 | C3: =MSCI_World_Index_Monthly!B15 -> 5983.0467 | D3: =(GSCEQBA_Monthly!B15-GSCEQBA_Monthly!B14)/GSCEQBA_Monthly!B14 -> -0.038879599 | E3: =(MSCI_World_Index_Monthly!B15-MSCI_World_Index_Monthly!B14)/MSCI_World_Index_Monthly!B14 -> -0.041427482 | F3: =(1+'Risk-free rate'!B15/100)^(1/12)-1 -> 0.0012990121 | G3: =D3-$F3 -> -0.040178611 | H3: =E3-$F3 -> -0.042726494
A4: =MSCI_World_Index_Monthly!A16 -> 2018-03-30 | B4: =GSCEQBA_Monthly!B16 -> 22.27 | C4: =MSCI_World_Index_Monthly!B16 -> 5852.6376 | D4: =(GSCEQBA_Monthly!B16-GSCEQBA_Monthly!B15)/GSCEQBA_Monthly!B15 -> -0.031317964 | E4: =(MSCI_World_Index_Monthly!B16-MSCI_World_Index_Monthly!B15)/MSCI_World_Index_Monthly!B15 -> -0.021796443 | F4: =(1+'Risk-free rate'!B16/100)^(1/12)-1 -> 0.0014057469 | G4: =D4-$F4 -> -0.032723711 | H4: =E4-$F4 -> -0.02320219
A5: =MSCI_World_Index_Monthly!A17 -> 2018-04-30 | B5: =GSCEQBA_Monthly!B17 -> 22.97 | C5: =MSCI_World_Index_Monthly!B17 -> 5919.8913 | D5: =(GSCEQBA_Monthly!B17-GSCEQBA_Monthly!B16)/GSCEQBA_Monthly!B16 -> 0.03143242 | E5: =(MSCI_World_Index_Monthly!B17-MSCI_World_Index_Monthly!B16)/MSCI_World_Index_Monthly!B16 -> 0.011491173 | F5: =(1+'Risk-free rate'!B17/100)^(1/12)-1 -> 0.0014549669 | G5: =D5-$F5 -> 0.029977453 | H5: =E5-$F5 -> 0.010036206
A6: =MSCI_World_Index_Monthly!A18 -> 2018-05-31 | B6: =GSCEQBA_Monthly!B18 -> 23.26 | C6: =MSCI_World_Index_Monthly!B18 -> 5956.9879 | D6: =(GSCEQBA_Monthly!B18-GSCEQBA_Monthly!B17)/GSCEQBA_Monthly!B17 -> 0.012625163 | E6: =(MSCI_World_Index_Monthly!B18-MSCI_World_Index_Monthly!B17)/MSCI_World_Index_Monthly!B17 -> 0.0062664308 | F6: =(1+'Risk-free rate'!B18/100)^(1/12)-1 -> 0.0015369412 | G6: =D6-$F6 -> 0.011088222 | H6: =E6-$F6 -> 0.0047294896
A7: =MSCI_World_Index_Monthly!A19 -> 2018-06-29 | B7: =GSCEQBA_Monthly!B19 -> 23 | C7: =MSCI_World_Index_Monthly!B19 -> 5954.1463 | D7: =(GSCEQBA_Monthly!B19-GSCEQBA_Monthly!B18)/GSCEQBA_Monthly!B18 -> -0.011177988 | E7: =(MSCI_World_Index_Monthly!B19-MSCI_World_Index_Monthly!B18)/MSCI_World_Index_Monthly!B18 -> -0.00047701104 | F7: =(1+'Risk-free rate'!B19/100)^(1/12)-1 -> 0.0015697102 | G7: =D7-$F7 -> -0.012747698 | H7: =E7-$F7 -> -0.0020467213
A8: =MSCI_World_Index_Monthly!A20 -> 2018-07-31 | B8: =GSCEQBA_Monthly!B20 -> 23.57 | C8: =MSCI_World_Index_Monthly!B20 -> 6140.1154 | D8: =(GSCEQBA_Monthly!B20-GSCEQBA_Monthly!B19)/GSCEQBA_Monthly!B19 -> 0.024782609 | E8: =(MSCI_World_Index_Monthly!B20-MSCI_World_Index_Monthly!B19)/MSCI_World_Index_Monthly!B19 -> 0.031233545 | F8: =(1+'Risk-free rate'!B20/100)^(1/12)-1 -> 0.0016188417 | G8: =D8-$F8 -> 0.023163767 | H8: =E8-$F8 -> 0.029614703
A9: =MSCI_World_Index_Monthly!A21 -> 2018-08-31 | B9: =GSCEQBA_Monthly!B21 -> 24.02 | C9: =MSCI_World_Index_Monthly!B21 -> 6216.0861 | D9: =(GSCEQBA_Monthly!B21-GSCEQBA_Monthly!B20)/GSCEQBA_Monthly!B20 -> 0.019092066 | E9: =(MSCI_World_Index_Monthly!B21-MSCI_World_Index_Monthly!B20)/MSCI_World_Index_Monthly!B20 -> 0.012372846 | F9: =(1+'Risk-free rate'!B21/100)^(1/12)-1 -> 0.0016761283 | G9: =D9-$F9 -> 0.017415938 | H9: =E9-$F9 -> 0.010696718
A10: =MSCI_World_Index_Monthly!A22 -> 2018-09-28 | B10: =GSCEQBA_Monthly!B22 -> 23.94 | C10: =MSCI_World_Index_Monthly!B22 -> 6250.6981 | D10: =(GSCEQBA_Monthly!B22-GSCEQBA_Monthly!B21)/GSCEQBA_Monthly!B21 -> -0.0033305579 | E10: =(MSCI_World_Index_Monthly!B22-MSCI_World_Index_Monthly!B21)/MSCI_World_Index_Monthly!B21 -> 0.005568137 | F10: =(1+'Risk-free rate'!B22/100)^(1/12)-1 -> 0.0017579038 | G10: =D10-$F10 -> -0.0050884616 | H10: =E10-$F10 -> 0.0038102332
A11: =MSCI_World_Index_Monthly!A23 -> 2018-10-31 | B11: =GSCEQBA_Monthly!B23 -> 21.94 | C11: =MSCI_World_Index_Monthly!B23 -> 5791.7226 | D11: =(GSCEQBA_Monthly!B23-GSCEQBA_Monthly!B22)/GSCEQBA_Monthly!B22 -> -0.083542189 | E11: =(MSCI_World_Index_Monthly!B23-MSCI_World_Index_Monthly!B22)/MSCI_World_Index_Monthly!B22 -> -0.073427888 | F11: =(1+'Risk-free rate'!B23/100)^(1/12)-1 -> 0.0018559375 | G11: =D11-$F11 -> -0.085398126 | H11: =E11-$F11 -> -0.075283826
A12: =MSCI_World_Index_Monthly!A24 -> 2018-11-30 | B12: =GSCEQBA_Monthly!B24 -> 21.75 | C12: =MSCI_World_Index_Monthly!B24 -> 5857.516 | D12: =(GSCEQBA_Monthly!B24-GSCEQBA_Monthly!B23)/GSCEQBA_Monthly!B23 -> -0.0086599818 | E12: =(MSCI_World_Index_Monthly!B24-MSCI_World_Index_Monthly!B23)/MSCI_World_Index_Monthly!B23 -> 0.011359909 | F12: =(1+'Risk-free rate'!B24/100)^(1/12)-1 -> 0.0019212348 | G12: =D12-$F12 -> -0.010581217 | H12: =E12-$F12 -> 0.0094386743
A13: =MSCI_World_Index_Monthly!A25 -> 2018-12-31 | B13: =GSCEQBA_Monthly!B25 -> 19.92 | C13: =MSCI_World_Index_Monthly!B25 -> 5412.1223 | D13: =(GSCEQBA_Monthly!B25-GSCEQBA_Monthly!B24)/GSCEQBA_Monthly!B24 -> -0.084137931 | E13: =(MSCI_World_Index_Monthly!B25-MSCI_World_Index_Monthly!B24)/MSCI_World_Index_Monthly!B24 -> -0.076037989 | F13: =(1+'Risk-free rate'!B25/100)^(1/12)-1 -> 0.0019538659 | G13: =D13-$F13 -> -0.086091797 | H13: =E13-$F13 -> -0.077991855
A14: =MSCI_World_Index_Monthly!A26 -> 2019-01-31 | B14: =GSCEQBA_Monthly!B26 -> 21.75 | C14: =MSCI_World_Index_Monthly!B26 -> 5833.2167 | D14: =(GSCEQBA_Monthly!B26-GSCEQBA_Monthly!B25)/GSCEQBA_Monthly!B25 -> 0.09186747 | E14: =(MSCI_World_Index_Monthly!B26-MSCI_World_Index_Monthly!B25)/MSCI_World_Index_Monthly!B25 -> 0.077805787 | F14: =(1+'Risk-free rate'!B26/100)^(1/12)-1 -> 0.0019538659 | G14: =D14-$F14 -> 0.089913604 | H14: =E14-$F14 -> 0.075851921 | I14: =((1+INDEX(LINEST(G3:G14,H3:H14,TRUE,TRUE),1,2))^12)-1 -> -0.015361339 | J14: =INDEX(LINEST(G3:G14, H3:H14, TRUE, TRUE), 1, 1) -> 1.1129697
A15: =MSCI_World_Index_Monthly!A27 -> 2019-02-28 | B15: =GSCEQBA_Monthly!B27 -> 22.36 | C15: =MSCI_World_Index_Monthly!B27 -> 6008.6205 | D15: =(GSCEQBA_Monthly!B27-GSCEQBA_Monthly!B26)/GSCEQBA_Monthly!B26 -> 0.028045977 | E15: =(MSCI_World_Index_Monthly!B27-MSCI_World_Index_Monthly!B26)/MSCI_World_Index_Monthly!B26 -> 0.030069829 | F15: =(1+'Risk-free rate'!B27/100)^(1/12)-1 -> 0.0019701771 | G15: =D15-$F15 -> 0.0260758 | H15: =E15-$F15 -> 0.028099652 | I15: =((1+INDEX(LINEST(G4:G15,H4:H15,TRUE,TRUE),1,2))^12)-1 -> -0.02760879 | J15: =INDEX(LINEST(G4:G15, H4:H15, TRUE, TRUE), 1, 1) -> 1.125627
A16: =MSCI_World_Index_Monthly!A28 -> 2019-03-29 | B16: =GSCEQBA_Monthly!B28 -> 22.32 | C16: =MSCI_World_Index_Monthly!B28 -> 6087.5406 | D16: =(GSCEQBA_Monthly!B28-GSCEQBA_Monthly!B27)/GSCEQBA_Monthly!B27 -> -0.0017889088 | E16: =(MSCI_World_Index_Monthly!B28-MSCI_World_Index_Monthly!B27)/MSCI_World_Index_Monthly!B27 -> 0.013134471 | F16: =(1+'Risk-free rate'!B28/100)^(1/12)-1 -> 0.0019783315 | G16: =D16-$F16 -> -0.0037672403 | H16: =E16-$F16 -> 0.01115614 | I16: =((1+INDEX(LINEST(G5:G16,H5:H16,TRUE,TRUE),1,2))^12)-1 -> -0.036715869 | J16: =INDEX(LINEST(G5:G16, H5:H16, TRUE, TRUE), 1, 1) -> 1.1137452
A17: =MSCI_World_Index_Monthly!A29 -> 2019-04-30 | B17: =GSCEQBA_Monthly!B29 -> 23.04 | C17: =MSCI_World_Index_Monthly!B29 -> 6303.4006 | D17: =(GSCEQBA_Monthly!B29-GSCEQBA_Monthly!B28)/GSCEQBA_Monthly!B28 -> 0.032258065 | E17: =(MSCI_World_Index_Monthly!B29-MSCI_World_Index_Monthly!B28)/MSCI_World_Index_Monthly!B28 -> 0.035459312 | F17: =(1+'Risk-free rate'!B29/100)^(1/12)-1 -> 0.0019620218 | G17: =D17-$F17 -> 0.030296043 | H17: =E17-$F17 -> 0.03349729 | I17: =((1+INDEX(LINEST(G6:G17,H6:H17,TRUE,TRUE),1,2))^12)-1 -> -0.060792457 | J17: =INDEX(LINEST(G6:G17, H6:H17, TRUE, TRUE), 1, 1) -> 1.1020235
A18: =MSCI_World_Index_Monthly!A30 -> 2019-05-31 | B18: =GSCEQBA_Monthly!B30 -> 21.37 | C18: =MSCI_World_Index_Monthly!B30 -> 5939.689 | D18: =(GSCEQBA_Monthly!B30-GSCEQBA_Monthly!B29)/GSCEQBA_Monthly!B29 -> -0.072482639 | E18: =(MSCI_World_Index_Monthly!B30-MSCI_World_Index_Monthly!B29)/MSCI_World_Index_Monthly!B29 -> -0.057700858 | F18: =(1+'Risk-free rate'!B30/100)^(1/12)-1 -> 0.0019375518 | G18: =D18-$F18 -> -0.074420191 | H18: =E18-$F18 -> -0.05963841 | I18: =((1+INDEX(LINEST(G7:G18,H7:H18,TRUE,TRUE),1,2))^12)-1 -> -0.074390775 | J18: =INDEX(LINEST(G7:G18, H7:H18, TRUE, TRUE), 1, 1) -> 1.1078051
A19: =MSCI_World_Index_Monthly!A31 -> 2019-06-28 | B19: =GSCEQBA_Monthly!B31 -> 22.62 | C19: =MSCI_World_Index_Monthly!B31 -> 6331.0842 | D19: =(GSCEQBA_Monthly!B31-GSCEQBA_Monthly!B30)/GSCEQBA_Monthly!B30 -> 0.058493215 | E19: =(MSCI_World_Index_Monthly!B31-MSCI_World_Index_Monthly!B30)/MSCI_World_Index_Monthly!B30 -> 0.065894898 | F19: =(1+'Risk-free rate'!B31/100)^(1/12)-1 -> 0.0017905934 | G19: =D19-$F19 -> 0.056702621 | H19: =E19-$F19 -> 0.064104305 | I19: =((1+INDEX(LINEST(G8:G19,H8:H19,TRUE,TRUE),1,2))^12)-1 -> -0.077076676 | J19: =INDEX(LINEST(G8:G19, H8:H19, TRUE, TRUE), 1, 1) -> 1.0900909
A20: =MSCI_World_Index_Monthly!A32 -> 2019-07-31 | B20: =GSCEQBA_Monthly!B32 -> 23.02 | C20: =MSCI_World_Index_Monthly!B32 -> 6362.4442 | D20: =(GSCEQBA_Monthly!B32-GSCEQBA_Monthly!B31)/GSCEQBA_Monthly!B31 -> 0.017683466 | E20: =(MSCI_World_Index_Monthly!B32-MSCI_World_Index_Monthly!B31)/MSCI_World_Index_Monthly!B31 -> 0.0049533464 | F20: =(1+'Risk-free rate'!B32/100)^(1/12)-1 -> 0.0017333788 | G20: =D20-$F20 -> 0.015950087 | H20: =E20-$F20 -> 0.0032199676 | I20: =((1+INDEX(LINEST(G9:G20,H9:H20,TRUE,TRUE),1,2))^12)-1 -> -0.05692561 | J20: =INDEX(LINEST(G9:G20, H9:H20, TRUE, TRUE), 1, 1) -> 1.0932267
A21: =MSCI_World_Index_Monthly!A33 -> 2019-08-30 | B21: =GSCEQBA_Monthly!B33 -> 22.27 | C21: =MSCI_World_Index_Monthly!B33 -> 6232.3034 | D21: =(GSCEQBA_Monthly!B33-GSCEQBA_Monthly!B32)/GSCEQBA_Monthly!B32 -> -0.032580365 | E21: =(MSCI_World_Index_Monthly!B33-MSCI_World_Index_Monthly!B32)/MSCI_World_Index_Monthly!B32 -> -0.020454537 | F21: =(1+'Risk-free rate'!B33/100)^(1/12)-1 -> 0.001610655 | G21: =D21-$F21 -> -0.03419102 | H21: =E21-$F21 -> -0.022065192 | I21: =((1+INDEX(LINEST(G10:G21,H10:H21,TRUE,TRUE),1,2))^12)-1 -> -0.071783257 | J21: =INDEX(LINEST(G10:G21, H10:H21, TRUE, TRUE), 1, 1) -> 1.0930002
A22: =MSCI_World_Index_Monthly!A34 -> 2019-09-30 | B22: =GSCEQBA_Monthly!B34 -> 22.55 | C22: =MSCI_World_Index_Monthly!B34 -> 6364.9328 | D22: =(GSCEQBA_Monthly!B34-GSCEQBA_Monthly!B33)/GSCEQBA_Monthly!B33 -> 0.012572968 | E22: =(MSCI_World_Index_Monthly!B34-MSCI_World_Index_Monthly!B33)/MSCI_World_Index_Monthly!B33 -> 0.021280967 | F22: =(1+'Risk-free rate'!B34/100)^(1/12)-1 -> 0.0015615191 | G22: =D22-$F22 -> 0.011011449 | H22: =E22-$F22 -> 0.019719448 | I22: =((1+INDEX(LINEST(G11:G22,H11:H22,TRUE,TRUE),1,2))^12)-1 -> -0.072961874 | J22: =INDEX(LINEST(G11:G22, H11:H22, TRUE, TRUE), 1, 1) -> 1.0904059
A23: =MSCI_World_Index_Monthly!A35 -> 2019-10-31 | B23: =GSCEQBA_Monthly!B35 -> 23.07 | C23: =MSCI_World_Index_Monthly!B35 -> 6526.9043 | D23: =(GSCEQBA_Monthly!B35-GSCEQBA_Monthly!B34)/GSCEQBA_Monthly!B34 -> 0.023059867 | E23: =(MSCI_World_Index_Monthly!B35-MSCI_World_Index_Monthly!B34)/MSCI_World_Index_Monthly!B34 -> 0.025447484 | F23: =(1+'Risk-free rate'!B35/100)^(1/12)-1 -> 0.0013647099 | G23: =D23-$F23 -> 0.021695157 | H23: =E23-$F23 -> 0.024082774 | I23: =((1+INDEX(LINEST(G12:G23,H12:H23,TRUE,TRUE),1,2))^12)-1 -> -0.075415497 | J23: =INDEX(LINEST(G12:G23, H12:H23, TRUE, TRUE), 1, 1) -> 1.1029808
A24: =MSCI_World_Index_Monthly!A36 -> 2019-11-29 | B24: =GSCEQBA_Monthly!B36 -> 23.78 | C24: =MSCI_World_Index_Monthly!B36 -> 6708.6797 | D24: =(GSCEQBA_Monthly!B36-GSCEQBA_Monthly!B35)/GSCEQBA_Monthly!B35 -> 0.030775899 | E24: =(MSCI_World_Index_Monthly!B36-MSCI_World_Index_Monthly!B35)/MSCI_World_Index_Monthly!B35 -> 0.027850162 | F24: =(1+'Risk-free rate'!B36/100)^(1/12)-1 -> 0.0012743633 | G24: =D24-$F24 -> 0.029501536 | H24: =E24-$F24 -> 0.026575798 | I24: =((1+INDEX(LINEST(G13:G24,H13:H24,TRUE,TRUE),1,2))^12)-1 -> -0.056000004 | J24: =INDEX(LINEST(G13:G24, H13:H24, TRUE, TRUE), 1, 1) -> 1.1070608
A25: =MSCI_World_Index_Monthly!A37 -> 2019-12-31 | B25: =GSCEQBA_Monthly!B37 -> 24.22 | C25: =MSCI_World_Index_Monthly!B37 -> 6909.6599 | D25: =(GSCEQBA_Monthly!B37-GSCEQBA_Monthly!B36)/GSCEQBA_Monthly!B36 -> 0.018502944 | E25: =(MSCI_World_Index_Monthly!B37-MSCI_World_Index_Monthly!B36)/MSCI_World_Index_Monthly!B36 -> 0.029958243 | F25: =(1+'Risk-free rate'!B37/100)^(1/12)-1 -> 0.0012743633 | G25: =D25-$F25 -> 0.01722858 | H25: =E25-$F25 -> 0.028683879 | I25: =((1+INDEX(LINEST(G14:G25,H14:H25,TRUE,TRUE),1,2))^12)-1 -> -0.076194212 | J25: =INDEX(LINEST(G14:G25, H14:H25, TRUE, TRUE), 1, 1) -> 1.1358886
... A85: =MSCI_World_Index_Monthly!A97 -> 2024-12-31 | B85: =GSCEQBA_Monthly!B97 -> 39.49 | C85: =MSCI_World_Index_Monthly!B97 -> 11731.17 | D85: =(GSCEQBA_Monthly!B97-GSCEQBA_Monthly!B96)/GSCEQBA_Monthly!B96 -> -0.016928056 | E85: =(MSCI_World_Index_Monthly!B97-MSCI_World_Index_Monthly!B96)/MSCI_World_Index_Monthly!B96 -> -0.026060573 | F85: =(1+'Risk-free rate'!B97/100)^(1/12)-1 -> 0.0034905364 | G85: =D85-$F85 -> -0.020418592 | H85: =E85-$F85 -> -0.029551109 | I85: =((1+INDEX(LINEST(G74:G85,H74:H85,TRUE,TRUE),1,2))^12)-1 -> 0.031138926 | J85: =INDEX(LINEST(G74:G85, H74:H85, TRUE, TRUE), 1, 1) -> 0.91646007

Sheet Up-Down Scatter Plot
A1: Date | B1: Return GSCEQBA, Rp | C1: Return MSCI World Index | D1: Fund Geo-Mittel (Up) | E1: Benchmark Geo-Mittel (Up) | F1: UC Ratio | G1: Fund Geo-Mittel (Down) | H1: Benchmark Geo-Mittel (Down) | I1: DC Ratio | L1: Fund Geo-Mittel (Up) | M1: Benchmark Geo-Mittel (Up) | N1: UC Ratio | O1: Fund Geo-Mittel (Down) | P1: Benchmark Geo-Mittel (Down) | Q1: DC Ratio
A2: =MSCI_World_Index_Monthly!A2 -> 2017-01-31 | K2: pre-covid | L2: {=GEOMEAN(IF(C14:C38 > 0, 1 + B14:B38)) - 1} -> 0.025998389 | M2: {=GEOMEAN(IF(C14:C38 > 0, 1 + C14:C38)) - 1} -> 0.02702976 | N2: =(L2/M2)*100 -> 96.184312 | O2: {=GEOMEAN(IF(C14:C38<0,1+B14:B38))-1} -> -0.044645855 | P2: {=GEOMEAN(IF(C3:C38<0,1+C3:C38))-1} -> -0.037573037 | Q2: =(O2/P2)*100 -> 118.82418
A3: =MSCI_World_Index_Monthly!A3 -> 2017-02-28 | B3: =(GSCEQBA_Monthly!B3-GSCEQBA_Monthly!B2)/GSCEQBA_Monthly!B2 -> 0.027404621 | C3: =(MSCI_World_Index_Monthly!B3-MSCI_World_Index_Monthly!B2)/MSCI_World_Index_Monthly!B2 -> 0.027743431 | K3: during-covid | L3: {=GEOMEAN(IF(C26:C61 > 0, 1 + B26:B61)) - 1} -> 0.038543002 | M3: {=GEOMEAN(IF(C26:C61 > 0, 1 + C26:C61)) - 1} -> 0.041071049 | N3: =(L3/M3)*100 -> 93.844698 | O3: {=GEOMEAN(IF(C26:C61<0,1+B26:B61))-1} -> -0.045431671 | P3: {=GEOMEAN(IF(C26:C61<0,1+C26:C61))-1} -> -0.044699296 | Q3: =(O3/P3)*100 -> 101.63845
A4: =MSCI_World_Index_Monthly!A4 -> 2017-03-31 | B4: =(GSCEQBA_Monthly!B4-GSCEQBA_Monthly!B3)/GSCEQBA_Monthly!B3 -> 0.0067991632 | C4: =(MSCI_World_Index_Monthly!B4-MSCI_World_Index_Monthly!B3)/MSCI_World_Index_Monthly!B3 -> 0.010651903 | K4: post-covid | L4: {=GEOMEAN(IF(C62:C97 > 0, 1 + B62:B97)) - 1} -> 0.036732186 | M4: {=GEOMEAN(IF(C62:C97 > 0, 1 + C62:C97)) - 1} -> 0.040897942 | N4: =(L4/M4)*100 -> 89.814264 | O4: {=GEOMEAN(IF(C62:C97<0,1+B62:B97))-1} -> -0.038669208 | P4: {=GEOMEAN(IF(C62:C97<0,1+C62:C97))-1} -> -0.04287763 | Q4: =(O4/P4)*100 -> 90.18504
A5: =MSCI_World_Index_Monthly!A5 -> 2017-04-28 | B5: =(GSCEQBA_Monthly!B5-GSCEQBA_Monthly!B4)/GSCEQBA_Monthly!B4 -> 0.019220779 | C5: =(MSCI_World_Index_Monthly!B5-MSCI_World_Index_Monthly!B4)/MSCI_World_Index_Monthly!B4 -> 0.014806876
A6: =MSCI_World_Index_Monthly!A6 -> 2017-05-31 | B6: =(GSCEQBA_Monthly!B6-GSCEQBA_Monthly!B5)/GSCEQBA_Monthly!B5 -> 0.01529052 | C6: =(MSCI_World_Index_Monthly!B6-MSCI_World_Index_Monthly!B5)/MSCI_World_Index_Monthly!B5 -> 0.021154491 | L6: GSCEQBA and MSCI World Index
A7: =MSCI_World_Index_Monthly!A7 -> 2017-06-30 | B7: =(GSCEQBA_Monthly!B7-GSCEQBA_Monthly!B6)/GSCEQBA_Monthly!B6 -> 0.012048193 | C7: =(MSCI_World_Index_Monthly!B7-MSCI_World_Index_Monthly!B6)/MSCI_World_Index_Monthly!B6 -> 0.0038475013
A8: =MSCI_World_Index_Monthly!A8 -> 2017-07-31 | B8: =(GSCEQBA_Monthly!B8-GSCEQBA_Monthly!B7)/GSCEQBA_Monthly!B7 -> 0.026289683 | C8: =(MSCI_World_Index_Monthly!B8-MSCI_World_Index_Monthly!B7)/MSCI_World_Index_Monthly!B7 -> 0.023932434
A9: =MSCI_World_Index_Monthly!A9 -> 2017-08-31 | B9: =(GSCEQBA_Monthly!B9-GSCEQBA_Monthly!B8)/GSCEQBA_Monthly!B8 -> -0.0028999517 | C9: =(MSCI_World_Index_Monthly!B9-MSCI_World_Index_Monthly!B8)/MSCI_World_Index_Monthly!B8 -> 0.0014081716
A10: =MSCI_World_Index_Monthly!A10 -> 2017-09-29 | B10: =(GSCEQBA_Monthly!B10-GSCEQBA_Monthly!B9)/GSCEQBA_Monthly!B9 -> 0.035870092 | C10: =(MSCI_World_Index_Monthly!B10-MSCI_World_Index_Monthly!B9)/MSCI_World_Index_Monthly!B9 -> 0.022444234
A11: =MSCI_World_Index_Monthly!A11 -> 2017-10-31 | B11: =(GSCEQBA_Monthly!B11-GSCEQBA_Monthly!B10)/GSCEQBA_Monthly!B10 -> 0.020589612 | C11: =(MSCI_World_Index_Monthly!B11-MSCI_World_Index_Monthly!B10)/MSCI_World_Index_Monthly!B10 -> 0.018898471
A12: =MSCI_World_Index_Monthly!A12 -> 2017-11-30 | B12: =(GSCEQBA_Monthly!B12-GSCEQBA_Monthly!B11)/GSCEQBA_Monthly!B11 -> 0.014672169 | C12: =(MSCI_World_Index_Monthly!B12-MSCI_World_Index_Monthly!B11)/MSCI_World_Index_Monthly!B11 -> 0.021667536
A13: =MSCI_World_Index_Monthly!A13 -> 2017-12-29 | B13: =(GSCEQBA_Monthly!B13-GSCEQBA_Monthly!B12)/GSCEQBA_Monthly!B12 -> 0.020334388 | C13: =(MSCI_World_Index_Monthly!B13-MSCI_World_Index_Monthly!B12)/MSCI_World_Index_Monthly!B12 -> 0.013523487
A14: =MSCI_World_Index_Monthly!A14 -> 2018-01-31 | B14: =(GSCEQBA_Monthly!B14-GSCEQBA_Monthly!B13)/GSCEQBA_Monthly!B13 -> 0.059344553 | C14: =(MSCI_World_Index_Monthly!B14-MSCI_World_Index_Monthly!B13)/MSCI_World_Index_Monthly!B13 -> 0.052800205
A15: =MSCI_World_Index_Monthly!A15 -> 2018-02-28 | B15: =(GSCEQBA_Monthly!B15-GSCEQBA_Monthly!B14)/GSCEQBA_Monthly!B14 -> -0.038879599 | C15: =(MSCI_World_Index_Monthly!B15-MSCI_World_Index_Monthly!B14)/MSCI_World_Index_Monthly!B14 -> -0.041427482
A16: =MSCI_World_Index_Monthly!A16 -> 2018-03-30 | B16: =(GSCEQBA_Monthly!B16-GSCEQBA_Monthly!B15)/GSCEQBA_Monthly!B15 -> -0.031317964 | C16: =(MSCI_World_Index_Monthly!B16-MSCI_World_Index_Monthly!B15)/MSCI_World_Index_Monthly!B15 -> -0.021796443
A17: =MSCI_World_Index_Monthly!A17 -> 2018-04-30 | B17: =(GSCEQBA_Monthly!B17-GSCEQBA_Monthly!B16)/GSCEQBA_Monthly!B16 -> 0.03143242 | C17: =(MSCI_World_Index_Monthly!B17-MSCI_World_Index_Monthly!B16)/MSCI_World_Index_Monthly!B16 -> 0.011491173
A18: =MSCI_World_Index_Monthly!A18 -> 2018-05-31 | B18: =(GSCEQBA_Monthly!B18-GSCEQBA_Monthly!B17)/GSCEQBA_Monthly!B17 -> 0.012625163 | C18: =(MSCI_World_Index_Monthly!B18-MSCI_World_Index_Monthly!B17)/MSCI_World_Index_Monthly!B17 -> 0.0062664308
... A36: =MSCI_World_Index_Monthly!A36 -> 2019-11-29 | B36: =(GSCEQBA_Monthly!B36-GSCEQBA_Monthly!B35)/GSCEQBA_Monthly!B35 -> 0.030775899 | C36: =(MSCI_World_Index_Monthly!B36-MSCI_World_Index_Monthly!B35)/MSCI_World_Index_Monthly!B35 -> 0.027850162
A37: =MSCI_World_Index_Monthly!A37 -> 2019-12-31 | B37: =(GSCEQBA_Monthly!B37-GSCEQBA_Monthly!B36)/GSCEQBA_Monthly!B36 -> 0.018502944 | C37: =(MSCI_World_Index_Monthly!B37-MSCI_World_Index_Monthly!B36)/MSCI_World_Index_Monthly!B36 -> 0.029958243 | D37: {=GEOMEAN(IF(C2:C37>0,1+B2:B37))-1} -> 0.022743729 | E37: {=GEOMEAN(IF(C2:C37>0,1+C2:C37))-1} -> 0.022816538 | F37: =(D37/E37)*100 -> 99.680891 | G37: {=GEOMEAN(IF(C2:C37<0,1+B2:B37))-1} -> -0.050970913 | H37: {=GEOMEAN(IF(C2:C37<0,1+C2:C37))-1} -> -0.041988918 | I37: =(G37/H37)*100 -> 121.39135
A38: =MSCI_World_Index_Monthly!A38 -> 2020-01-31 | B38: =(GSCEQBA_Monthly!B38-GSCEQBA_Monthly!B37)/GSCEQBA_Monthly!B37 -> 0.00082576383 | C38: =(MSCI_World_Index_Monthly!B38-MSCI_World_Index_Monthly!B37)/MSCI_World_Index_Monthly!B37 -> -0.0060866606 | D38: {=GEOMEAN(IF(C3:C38>0,1+B3:B38))-1} -> 0.022743729 | E38: {=GEOMEAN(IF(C3:C38>0,1+C3:C38))-1} -> 0.022816538 | F38: =(D38/E38)*100 -> 99.680891 | G38: {=GEOMEAN(IF(C3:C38<0,1+B3:B38))-1} -> -0.044645855 | H38: {=GEOMEAN(IF(C3:C38<0,1+C3:C38))-1} -> -0.037573037 | I38: =(G38/H38)*100 -> 118.82418
A39: =MSCI_World_Index_Monthly!A39 -> 2020-02-28 | B39: =(GSCEQBA_Monthly!B39-GSCEQBA_Monthly!B38)/GSCEQBA_Monthly!B38 -> -0.10849835 | C39: =(MSCI_World_Index_Monthly!B39-MSCI_World_Index_Monthly!B38)/MSCI_World_Index_Monthly!B38 -> -0.084525248 | D39: {=GEOMEAN(IF(C4:C39>0,1+B4:B39))-1} -> 0.02257151 | E39: {=GEOMEAN(IF(C4:C39>0,1+C4:C39))-1} -> 0.022634515 | F39: =(D39/E39)*100 -> 99.72164 | G39: {=GEOMEAN(IF(C4:C39<0,1+B4:B39))-1} -> -0.051960646 | H39: {=GEOMEAN(IF(C4:C39<0,1+C4:C39))-1} -> -0.042906666 | I39: =(G39/H39)*100 -> 121.10157
A40: =MSCI_World_Index_Monthly!A40 -> 2020-03-31 | B40: =(GSCEQBA_Monthly!B40-GSCEQBA_Monthly!B39)/GSCEQBA_Monthly!B39 -> -0.14113836 | C40: =(MSCI_World_Index_Monthly!B40-MSCI_World_Index_Monthly!B39)/MSCI_World_Index_Monthly!B39 -> -0.13234274 | D40: {=GEOMEAN(IF(C5:C40>0,1+B5:B40))-1} -> 0.023183048 | E40: {=GEOMEAN(IF(C5:C40>0,1+C5:C40))-1} -> 0.023098211 | F40: =(D40/E40)*100 -> 100.36729 | G40: {=GEOMEAN(IF(C5:C40<0,1+B5:B40))-1} -> -0.061280046 | H40: {=GEOMEAN(IF(C5:C40<0,1+C5:C40))-1} -> -0.05225024 | I40: =(G40/H40)*100 -> 117.28185
A41: =MSCI_World_Index_Monthly!A41 -> 2020-04-30 | B41: =(GSCEQBA_Monthly!B41-GSCEQBA_Monthly!B40)/GSCEQBA_Monthly!B40 -> 0.11853448 | C41: =(MSCI_World_Index_Monthly!B41-MSCI_World_Index_Monthly!B40)/MSCI_World_Index_Monthly!B40 -> 0.10924425 | D41: {=GEOMEAN(IF(C6:C41>0,1+B6:B41))-1} -> 0.026848696 | E41: {=GEOMEAN(IF(C6:C41>0,1+C6:C41))-1} -> 0.02660559 | F41: =(D41/E41)*100 -> 100.91374 | G41: {=GEOMEAN(IF(C6:C41<0,1+B6:B41))-1} -> -0.061280046 | H41: {=GEOMEAN(IF(C6:C41<0,1+C6:C41))-1} -> -0.05225024 | I41: =(G41/H41)*100 -> 117.28185
A42: =MSCI_World_Index_Monthly!A42 -> 2020-05-29 | B42: =(GSCEQBA_Monthly!B42-GSCEQBA_Monthly!B41)/GSCEQBA_Monthly!B41 -> 0.052986513 | C42: =(MSCI_World_Index_Monthly!B42-MSCI_World_Index_Monthly!B41)/MSCI_World_Index_Monthly!B41 -> 0.048308163 | D42: {=GEOMEAN(IF(C7:C42>0,1+B7:B42))-1} -> 0.028289491 | E42: {=GEOMEAN(IF(C7:C42>0,1+C7:C42))-1} -> 0.027642343 | F42: =(D42/E42)*100 -> 102.34114 | G42: {=GEOMEAN(IF(C7:C42<0,1+B7:B42))-1} -> -0.061280046 | H42: {=GEOMEAN(IF(C7:C42<0,1+C7:C42))-1} -> -0.05225024 | I42: =(G42/H42)*100 -> 117.28185
A43: =MSCI_World_Index_Monthly!A43 -> 2020-06-30 | B43: =(GSCEQBA_Monthly!B43-GSCEQBA_Monthly!B42)/GSCEQBA_Monthly!B42 -> 0.028819762 | C43: =(MSCI_World_Index_Monthly!B43-MSCI_World_Index_Monthly!B42)/MSCI_World_Index_Monthly!B42 -> 0.02645105 | D43: {=GEOMEAN(IF(C8:C43>0,1+B8:B43))-1} -> 0.028939737 | E43: {=GEOMEAN(IF(C8:C43>0,1+C8:C43))-1} -> 0.028522823 | F43: =(D43/E43)*100 -> 101.46169 | G43: {=GEOMEAN(IF(C8:C43<0,1+B8:B43))-1} -> -0.061280046 | H43: {=GEOMEAN(IF(C8:C43<0,1+C8:C43))-1} -> -0.05225024 | I43: =(G43/H43)*100 -> 117.28185
A44: =MSCI_World_Index_Monthly!A44 -> 2020-07-31 | B44: =(GSCEQBA_Monthly!B44-GSCEQBA_Monthly!B43)/GSCEQBA_Monthly!B43 -> 0.067585594 | C44: =(MSCI_World_Index_Monthly!B44-MSCI_World_Index_Monthly!B43)/MSCI_World_Index_Monthly!B43 -> 0.047841356 | D44: {=GEOMEAN(IF(C9:C44>0,1+B9:B44))-1} -> 0.030502124 | E44: {=GEOMEAN(IF(C9:C44>0,1+C9:C44))-1} -> 0.029436306 | F44: =(D44/E44)*100 -> 103.62076 | G44: {=GEOMEAN(IF(C9:C44<0,1+B9:B44))-1} -> -0.061280046 | H44: {=GEOMEAN(IF(C9:C44<0,1+C9:C44))-1} -> -0.05225024 | I44: =(G44/H44)*100 -> 117.28185
A45: =MSCI_World_Index_Monthly!A45 -> 2020-08-31 | B45: =(GSCEQBA_Monthly!B45-GSCEQBA_Monthly!B44)/GSCEQBA_Monthly!B44 -> 0.052894627 | C45: =(MSCI_World_Index_Monthly!B45-MSCI_World_Index_Monthly!B44)/MSCI_World_Index_Monthly!B44 -> 0.066814368 | D45: {=GEOMEAN(IF(C10:C45>0,1+B10:B45))-1} -> 0.032662388 | E45: {=GEOMEAN(IF(C10:C45>0,1+C10:C45))-1} -> 0.031944442 | F45: =(D45/E45)*100 -> 102.24748 | G45: {=GEOMEAN(IF(C10:C45<0,1+B10:B45))-1} -> -0.061280046 | H45: {=GEOMEAN(IF(C10:C45<0,1+C10:C45))-1} -> -0.05225024 | I45: =(G45/H45)*100 -> 117.28185
A46: =MSCI_World_Index_Monthly!A46 -> 2020-09-30 | B46: =(GSCEQBA_Monthly!B46-GSCEQBA_Monthly!B45)/GSCEQBA_Monthly!B45 -> -0.015822785 | C46: =(MSCI_World_Index_Monthly!B46-MSCI_World_Index_Monthly!B45)/MSCI_World_Index_Monthly!B45 -> -0.034499131 | D46: {=GEOMEAN(IF(C11:C46>0,1+B11:B46))-1} -> 0.032534287 | E46: {=GEOMEAN(IF(C11:C46>0,1+C11:C46))-1} -> 0.032326281 | F46: =(D46/E46)*100 -> 100.64346 | G46: {=GEOMEAN(IF(C11:C46<0,1+B11:B46))-1} -> -0.057235821 | H46: {=GEOMEAN(IF(C11:C46<0,1+C11:C46))-1} -> -0.05065008 | I46: =(G46/H46)*100 -> 113.00243
A47: =MSCI_World_Index_Monthly!A47 -> 2020-10-30 | B47: =(GSCEQBA_Monthly!B47-GSCEQBA_Monthly!B46)/GSCEQBA_Monthly!B46 -> -0.039790997 | C47: =(MSCI_World_Index_Monthly!B47-MSCI_World_Index_Monthly!B46)/MSCI_World_Index_Monthly!B46 -> -0.030675016 | D47: {=GEOMEAN(IF(C12:C47>0,1+B12:B47))-1} -> 0.033035004 | E47: {=GEOMEAN(IF(C12:C47>0,1+C12:C47))-1} -> 0.032889597 | F47: =(D47/E47)*100 -> 100.44211 | G47: {=GEOMEAN(IF(C12:C47<0,1+B12:B47))-1} -> -0.055794271 | H47: {=GEOMEAN(IF(C12:C47<0,1+C12:C47))-1} -> -0.049001332 | I47: =(G47/H47)*100 -> 113.86276
A48: =MSCI_World_Index_Monthly!A48 -> 2020-11-30 | B48: =(GSCEQBA_Monthly!B48-GSCEQBA_Monthly!B47)/GSCEQBA_Monthly!B47 -> 0.11134366 | C48: =(MSCI_World_Index_Monthly!B48-MSCI_World_Index_Monthly!B47)/MSCI_World_Index_Monthly!B47 -> 0.12786152 | D48: {=GEOMEAN(IF(C13:C48>0,1+B13:B48))-1} -> 0.036959546 | E48: {=GEOMEAN(IF(C13:C48>0,1+C13:C48))-1} -> 0.037154194 | F48: =(D48/E48)*100 -> 99.476108 | G48: {=GEOMEAN(IF(C13:C48<0,1+B13:B48))-1} -> -0.055794271 | H48: {=GEOMEAN(IF(C13:C48<0,1+C13:C48))-1} -> -0.049001332 | I48: =(G48/H48)*100 -> 113.86276
... A97: =MSCI_World_Index_Monthly!A97 -> 2024-12-31 | B97: =(GSCEQBA_Monthly!B97-GSCEQBA_Monthly!B96)/GSCEQBA_Monthly!B96 -> -0.016928056 | C97: =(MSCI_World_Index_Monthly!B97-MSCI_World_Index_Monthly!B96)/MSCI_World_Index_Monthly!B96 -> -0.026060573 | D97: {=GEOMEAN(IF(C62:C97>0,1+B62:B97))-1} -> 0.036732186 | E97: {=GEOMEAN(IF(C62:C97>0,1+C62:C97))-1} -> 0.040897942 | F97: =(D97/E97)*100 -> 89.814264 | G97: {=GEOMEAN(IF(C62:C97<0,1+B62:B97))-1} -> -0.038669208 | H97: {=GEOMEAN(IF(C62:C97<0,1+C62:C97))-1} -> -0.04287763 | I97: =(G97/H97)*100 -> 90.18504

Sheet Risk-free rate
A1: observation_date | B1: TB3MS
A2: 42736 | B2: 0.51
A3: 42767 | B3: 0.52
A4: 42795 | B4: 0.74
A5: 42826 | B5: 0.8
A6: 42856 | B6: 0.89
A7: 42887 | B7: 0.98
A8: 42917 | B8: 1.07
A9: 42948 | B9: 1.01
A10: 42979 | B10: 1.03
A11: 43009 | B11: 1.07
A12: 43040 | B12: 1.23
A13: 43070 | B13: 1.32
... A97: 45627 | B97: 4.27

Sheet GSCEQBA_Monthly
A1: Date | B1: NAV
A2: 2017-01-31 | B2: 18.61
A3: 2017-02-28 | B3: 19.12
A4: 2017-03-31 | B4: 19.25
A5: 2017-04-28 | B5: 19.62
A6: 2017-05-31 | B6: 19.92
A7: 2017-06-30 | B7: 20.16
A8: 2017-07-31 | B8: 20.69
A9: 2017-08-31 | B9: 20.63
A10: 2017-09-29 | B10: 21.37
A11: 2017-10-31 | B11: 21.81
A12: 2017-11-30 | B12: 22.13
A13: 2017-12-29 | B13: 22.58
... A97: 2024-12-31 | B97: 39.49

Sheet MSCI_World_Index_Monthly
A1: Date | B1: MSCI World Index
A2: 2017-01-31 | B2: 4960.5082 | C2: =A2=GSCEQBA_Monthly!A2 -> TRUE
A3: 2017-02-28 | B3: 5098.1298 | C3: =A3=GSCEQBA_Monthly!A3 -> TRUE
A4: 2017-03-31 | B4: 5152.4345 | C4: =A4=GSCEQBA_Monthly!A4 -> TRUE
A5: 2017-04-28 | B5: 5228.726 | C5: =A5=GSCEQBA_Monthly!A5 -> TRUE
A6: 2017-05-31 | B6: 5339.337 | C6: =A6=GSCEQBA_Monthly!A6 -> TRUE
A7: 2017-06-30 | B7: 5359.8801 | C7: =A7=GSCEQBA_Monthly!A7 -> TRUE
A8: 2017-07-31 | B8: 5488.1551 | C8: =A8=GSCEQBA_Monthly!A8 -> TRUE
A9: 2017-08-31 | B9: 5495.8834 | C9: =A9=GSCEQBA_Monthly!A9 -> TRUE
A10: 2017-09-29 | B10: 5619.2343 | C10: =A10=GSCEQBA_Monthly!A10 -> TRUE
A11: 2017-10-31 | B11: 5725.4292 | C11: =A11=GSCEQBA_Monthly!A11 -> TRUE
A12: 2017-11-30 | B12: 5849.4852 | C12: =A12=GSCEQBA_Monthly!A12 -> TRUE
A13: 2017-12-29 | B13: 5928.5906 | C13: =A13=GSCEQBA_Monthly!A13 -> TRUE
... A97: 2024-12-31 | B97: 11731.17 | C97: =A97=GSCEQBA_Monthly!A97 -> TRUE

Sheet Metrics_Monthly (2)
A1: Date | B1: GSCEQBA | C1: MSCI-World | D1: Return GSCEQBA, Rp | E1: Return MSCI World Index | F1: Risk-free | G1: Fund Excess | H1: Benchmark Excess | I1: Alpha | J1: Beta
A2: =MSCI_World_Index_Monthly!A26 -> 2019-01-31 | B2: =GSCEQBA_Monthly!B26 -> 21.75 | C2: =MSCI_World_Index_Monthly!B26 -> 5833.2167 | F2: =(1+'Risk-free rate'!B26/100)^(1/12)-1 -> 0.0019538659
A3: =MSCI_World_Index_Monthly!A27 -> 2019-02-28 | B3: =GSCEQBA_Monthly!B27 -> 22.36 | C3: =MSCI_World_Index_Monthly!B27 -> 6008.6205 | D3: =(GSCEQBA_Monthly!B27-GSCEQBA_Monthly!B26)/GSCEQBA_Monthly!B26 -> 0.028045977 | E3: =(MSCI_World_Index_Monthly!B27-MSCI_World_Index_Monthly!B26)/MSCI_World_Index_Monthly!B26 -> 0.030069829 | F3: =(1+'Risk-free rate'!B27/100)^(1/12)-1 -> 0.0019701771 | G3: =D3-$F3 -> 0.0260758 | H3: =E3-$F3 -> 0.028099652
A4: =MSCI_World_Index_Monthly!A28 -> 2019-03-29 | B4: =GSCEQBA_Monthly!B28 -> 22.32 | C4: =MSCI_World_Index_Monthly!B28 -> 6087.5406 | D4: =(GSCEQBA_Monthly!B28-GSCEQBA_Monthly!B27)/GSCEQBA_Monthly!B27 -> -0.0017889088 | E4: =(MSCI_World_Index_Monthly!B28-MSCI_World_Index_Monthly!B27)/MSCI_World_Index_Monthly!B27 -> 0.013134471 | F4: =(1+'Risk-free rate'!B28/100)^(1/12)-1 -> 0.0019783315 | G4: =D4-$F4 -> -0.0037672403 | H4: =E4-$F4 -> 0.01115614
A5: =MSCI_World_Index_Monthly!A29 -> 2019-04-30 | B5: =GSCEQBA_Monthly!B29 -> 23.04 | C5: =MSCI_World_Index_Monthly!B29 -> 6303.4006 | D5: =(GSCEQBA_Monthly!B29-GSCEQBA_Monthly!B28)/GSCEQBA_Monthly!B28 -> 0.032258065 | E5: =(MSCI_World_Index_Monthly!B29-MSCI_World_Index_Monthly!B28)/MSCI_World_Index_Monthly!B28 -> 0.035459312 | F5: =(1+'Risk-free rate'!B29/100)^(1/12)-1 -> 0.0019620218 | G5: =D5-$F5 -> 0.030296043 | H5: =E5-$F5 -> 0.03349729
A6: =MSCI_World_Index_Monthly!A30 -> 2019-05-31 | B6: =GSCEQBA_Monthly!B30 -> 21.37 | C6: =MSCI_World_Index_Monthly!B30 -> 5939.689 | D6: =(GSCEQBA_Monthly!B30-GSCEQBA_Monthly!B29)/GSCEQBA_Monthly!B29 -> -0.072482639 | E6: =(MSCI_World_Index_Monthly!B30-MSCI_World_Index_Monthly!B29)/MSCI_World_Index_Monthly!B29 -> -0.057700858 | F6: =(1+'Risk-free rate'!B30/100)^(1/12)-1 -> 0.0019375518 | G6: =D6-$F6 -> -0.074420191 | H6: =E6-$F6 -> -0.05963841
A7: =MSCI_World_Index_Monthly!A31 -> 2019-06-28 | B7: =GSCEQBA_Monthly!B31 -> 22.62 | C7: =MSCI_World_Index_Monthly!B31 -> 6331.0842 | D7: =(GSCEQBA_Monthly!B31-GSCEQBA_Monthly!B30)/GSCEQBA_Monthly!B30 -> 0.058493215 | E7: =(MSCI_World_Index_Monthly!B31-MSCI_World_Index_Monthly!B30)/MSCI_World_Index_Monthly!B30 -> 0.065894898 | F7: =(1+'Risk-free rate'!B31/100)^(1/12)-1 -> 0.0017905934 | G7: =D7-$F7 -> 0.056702621 | H7: =E7-$F7 -> 0.064104305
A8: =MSCI_World_Index_Monthly!A32 -> 2019-07-31 | B8: =GSCEQBA_Monthly!B32 -> 23.02 | C8: =MSCI_World_Index_Monthly!B32 -> 6362.4442 | D8: =(GSCEQBA_Monthly!B32-GSCEQBA_Monthly!B31)/GSCEQBA_Monthly!B31 -> 0.017683466 | E8: =(MSCI_World_Index_Monthly!B32-MSCI_World_Index_Monthly!B31)/MSCI_World_Index_Monthly!B31 -> 0.0049533464 | F8: =(1+'Risk-free rate'!B32/100)^(1/12)-1 -> 0.0017333788 | G8: =D8-$F8 -> 0.015950087 | H8: =E8-$F8 -> 0.0032199676
A9: =MSCI_World_Index_Monthly!A33 -> 2019-08-30 | B9: =GSCEQBA_Monthly!B33 -> 22.27 | C9: =MSCI_World_Index_Monthly!B33 -> 6232.3034 | D9: =(GSCEQBA_Monthly!B33-GSCEQBA_Monthly!B32)/GSCEQBA_Monthly!B32 -> -0.032580365 | E9: =(MSCI_World_Index_Monthly!B33-MSCI_World_Index_Monthly!B32)/MSCI_World_Index_Monthly!B32 -> -0.020454537 | F9: =(1+'Risk-free rate'!B33/100)^(1/12)-1 -> 0.001610655 | G9: =D9-$F9 -> -0.03419102 | H9: =E9-$F9 -> -0.022065192
A10: =MSCI_World_Index_Monthly!A34 -> 2019-09-30 | B10: =GSCEQBA_Monthly!B34 -> 22.55 | C10: =MSCI_World_Index_Monthly!B34 -> 6364.9328 | D10: =(GSCEQBA_Monthly!B34-GSCEQBA_Monthly!B33)/GSCEQBA_Monthly!B33 -> 0.012572968 | E10: =(MSCI_World_Index_Monthly!B34-MSCI_World_Index_Monthly!B33)/MSCI_World_Index_Monthly!B33 -> 0.021280967 | F10: =(1+'Risk-free rate'!B34/100)^(1/12)-1 -> 0.0015615191 | G10: =D10-$F10 -> 0.011011449 | H10: =E10-$F10 -> 0.019719448
A11: =MSCI_World_Index_Monthly!A35 -> 2019-10-31 | B11: =GSCEQBA_Monthly!B35 -> 23.07 | C11: =MSCI_World_Index_Monthly!B35 -> 6526.9043 | D11: =(GSCEQBA_Monthly!B35-GSCEQBA_Monthly!B34)/GSCEQBA_Monthly!B34 -> 0.023059867 | E11: =(MSCI_World_Index_Monthly!B35-MSCI_World_Index_Monthly!B34)/MSCI_World_Index_Monthly!B34 -> 0.025447484 | F11: =(1+'Risk-free rate'!B35/100)^(1/12)-1 -> 0.0013647099 | G11: =D11-$F11 -> 0.021695157 | H11: =E11-$F11 -> 0.024082774
A12: =MSCI_World_Index_Monthly!A36 -> 2019-11-29 | B12: =GSCEQBA_Monthly!B36 -> 23.78 | C12: =MSCI_World_Index_Monthly!B36 -> 6708.6797 | D12: =(GSCEQBA_Monthly!B36-GSCEQBA_Monthly!B35)/GSCEQBA_Monthly!B35 -> 0.030775899 | E12: =(MSCI_World_Index_Monthly!B36-MSCI_World_Index_Monthly!B35)/MSCI_World_Index_Monthly!B35 -> 0.027850162 | F12: =(1+'Risk-free rate'!B36/100)^(1/12)-1 -> 0.0012743633 | G12: =D12-$F12 -> 0.029501536 | H12: =E12-$F12 -> 0.026575798
A13: =MSCI_World_Index_Monthly!A37 -> 2019-12-31 | B13: =GSCEQBA_Monthly!B37 -> 24.22 | C13: =MSCI_World_Index_Monthly!B37 -> 6909.6599 | D13: =(GSCEQBA_Monthly!B37-GSCEQBA_Monthly!B36)/GSCEQBA_Monthly!B36 -> 0.018502944 | E13: =(MSCI_World_Index_Monthly!B37-MSCI_World_Index_Monthly!B36)/MSCI_World_Index_Monthly!B36 -> 0.029958243 | F13: =(1+'Risk-free rate'!B37/100)^(1/12)-1 -> 0.0012743633 | G13: =D13-$F13 -> 0.01722858 | H13: =E13-$F13 -> 0.028683879
A14: =MSCI_World_Index_Monthly!A38 -> 2020-01-31 | B14: =GSCEQBA_Monthly!B38 -> 24.24 | C14: =MSCI_World_Index_Monthly!B38 -> 6867.6032 | D14: =(GSCEQBA_Monthly!B38-GSCEQBA_Monthly!B37)/GSCEQBA_Monthly!B37 -> 0.00082576383 | E14: =(MSCI_World_Index_Monthly!B38-MSCI_World_Index_Monthly!B37)/MSCI_World_Index_Monthly!B37 -> -0.0060866606 | F14: =(1+'Risk-free rate'!B38/100)^(1/12)-1 -> 0.001257927 | G14: =D14-$F14 -> -0.00043216315 | H14: =E14-$F14 -> -0.0073445876 | I14: =((1+INDEX(LINEST(G3:G14,H3:H14,TRUE,TRUE),1,2))^12)-1 -> -0.060104608 | J14: =INDEX(LINEST(G3:G14, H3:H14, TRUE, TRUE), 1, 1) -> 1.0492132
A15: =MSCI_World_Index_Monthly!A39 -> 2020-02-28 | B15: =GSCEQBA_Monthly!B39 -> 21.61 | C15: =MSCI_World_Index_Monthly!B39 -> 6287.1173 | D15: =(GSCEQBA_Monthly!B39-GSCEQBA_Monthly!B38)/GSCEQBA_Monthly!B38 -> -0.10849835 | E15: =(MSCI_World_Index_Monthly!B39-MSCI_World_Index_Monthly!B38)/MSCI_World_Index_Monthly!B38 -> -0.084525248 | F15: =(1+'Risk-free rate'!B39/100)^(1/12)-1 -> 0.001257927 | G15: =D15-$F15 -> -0.10975628 | H15: =E15-$F15 -> -0.085783175 | I15: =((1+INDEX(LINEST(G4:G15,H4:H15,TRUE,TRUE),1,2))^12)-1 -> -0.077625471 | J15: =INDEX(LINEST(G4:G15, H4:H15, TRUE, TRUE), 1, 1) -> 1.1144166
A16: =MSCI_World_Index_Monthly!A40 -> 2020-03-31 | B16: =GSCEQBA_Monthly!B40 -> 18.56 | C16: =MSCI_World_Index_Monthly!B40 -> 5455.063 | D16: =(GSCEQBA_Monthly!B40-GSCEQBA_Monthly!B39)/GSCEQBA_Monthly!B39 -> -0.14113836 | E16: =(MSCI_World_Index_Monthly!B40-MSCI_World_Index_Monthly!B39)/MSCI_World_Index_Monthly!B39 -> -0.13234274 | F16: =(1+'Risk-free rate'!B40/100)^(1/12)-1 -> 0.00024134605 | G16: =D16-$F16 -> -0.14137971 | H16: =E16-$F16 -> -0.13258408 | I16: =((1+INDEX(LINEST(G5:G16,H5:H16,TRUE,TRUE),1,2))^12)-1 -> -0.060497351 | J16: =INDEX(LINEST(G5:G16, H5:H16, TRUE, TRUE), 1, 1) -> 1.0745754
A17: =MSCI_World_Index_Monthly!A41 -> 2020-04-30 | B17: =GSCEQBA_Monthly!B41 -> 20.76 | C17: =MSCI_World_Index_Monthly!B41 -> 6050.9973 | D17: =(GSCEQBA_Monthly!B41-GSCEQBA_Monthly!B40)/GSCEQBA_Monthly!B40 -> 0.11853448 | E17: =(MSCI_World_Index_Monthly!B41-MSCI_World_Index_Monthly!B40)/MSCI_World_Index_Monthly!B40 -> 0.10924425 | F17: =(1+'Risk-free rate'!B41/100)^(1/12)-1 -> 0.00011659187 | G17: =D17-$F17 -> 0.11841789 | H17: =E17-$F17 -> 0.10912766 | I17: =((1+INDEX(LINEST(G6:G17,H6:H17,TRUE,TRUE),1,2))^12)-1 -> -0.053542055 | J17: =INDEX(LINEST(G6:G17, H6:H17, TRUE, TRUE), 1, 1) -> 1.0898909
A18: =MSCI_World_Index_Monthly!A42 -> 2020-05-29 | B18: =GSCEQBA_Monthly!B42 -> 21.86 | C18: =MSCI_World_Index_Monthly!B42 -> 6343.3099 | D18: =(GSCEQBA_Monthly!B42-GSCEQBA_Monthly!B41)/GSCEQBA_Monthly!B41 -> 0.052986513 | E18: =(MSCI_World_Index_Monthly!B42-MSCI_World_Index_Monthly!B41)/MSCI_World_Index_Monthly!B41 -> 0.048308163 | F18: =(1+'Risk-free rate'!B42/100)^(1/12)-1 -> 0.00010826884 | G18: =D18-$F18 -> 0.052878244 | H18: =E18-$F18 -> 0.048199894 | I18: =((1+INDEX(LINEST(G7:G18,H7:H18,TRUE,TRUE),1,2))^12)-1 -> -0.044033634 | J18: =INDEX(LINEST(G7:G18, H7:H18, TRUE, TRUE), 1, 1) -> 1.0874131
A19: =MSCI_World_Index_Monthly!A43 -> 2020-06-30 | B19: =GSCEQBA_Monthly!B43 -> 22.49 | C19: =MSCI_World_Index_Monthly!B43 -> 6511.0971 | D19: =(GSCEQBA_Monthly!B43-GSCEQBA_Monthly!B42)/GSCEQBA_Monthly!B42 -> 0.028819762 | E19: =(MSCI_World_Index_Monthly!B43-MSCI_World_Index_Monthly!B42)/MSCI_World_Index_Monthly!B42 -> 0.02645105 | F19: =(1+'Risk-free rate'!B43/100)^(1/12)-1 -> 0.00013323566 | G19: =D19-$F19 -> 0.028686526 | H19: =E19-$F19 -> 0.026317815 | I19: =((1+INDEX(LINEST(G8:G19,H8:H19,TRUE,TRUE),1,2))^12)-1 -> -0.03197789 | J19: =INDEX(LINEST(G8:G19, H8:H19, TRUE, TRUE), 1, 1) -> 1.1026594
A20: =MSCI_World_Index_Monthly!A44 -> 2020-07-31 | B20: =GSCEQBA_Monthly!B44 -> 24.01 | C20: =MSCI_World_Index_Monthly!B44 -> 6822.5968 | D20: =(GSCEQBA_Monthly!B44-GSCEQBA_Monthly!B43)/GSCEQBA_Monthly!B43 -> 0.067585594 | E20: =(MSCI_World_Index_Monthly!B44-MSCI_World_Index_Monthly!B43)/MSCI_World_Index_Monthly!B43 -> 0.047841356 | F20: =(1+'Risk-free rate'!B44/100)^(1/12)-1 -> 0.00010826884 | G20: =D20-$F20 -> 0.067477325 | H20: =E20-$F20 -> 0.047733087 | I20: =((1+INDEX(LINEST(G9:G20,H9:H20,TRUE,TRUE),1,2))^12)-1 -> -0.03099363 | J20: =INDEX(LINEST(G9:G20, H9:H20, TRUE, TRUE), 1, 1) -> 1.1199691
A21: =MSCI_World_Index_Monthly!A45 -> 2020-08-31 | B21: =GSCEQBA_Monthly!B45 -> 25.28 | C21: =MSCI_World_Index_Monthly!B45 -> 7278.4443 | D21: =(GSCEQBA_Monthly!B45-GSCEQBA_Monthly!B44)/GSCEQBA_Monthly!B44 -> 0.052894627 | E21: =(MSCI_World_Index_Monthly!B45-MSCI_World_Index_Monthly!B44)/MSCI_World_Index_Monthly!B44 -> 0.066814368 | F21: =(1+'Risk-free rate'!B45/100)^(1/12)-1 -> 8.3295163e-05 | G21: =D21-$F21 -> 0.052811332 | H21: =E21-$F21 -> 0.066731073 | I21: =((1+INDEX(LINEST(G10:G21,H10:H21,TRUE,TRUE),1,2))^12)-1 -> -0.038557899 | J21: =INDEX(LINEST(G10:G21, H10:H21, TRUE, TRUE), 1, 1) -> 1.0929483
A22: =MSCI_World_Index_Monthly!A46 -> 2020-09-30 | B22: =GSCEQBA_Monthly!B46 -> 24.88 | C22: =MSCI_World_Index_Monthly!B46 -> 7027.3443 | D22: =(GSCEQBA_Monthly!B46-GSCEQBA_Monthly!B45)/GSCEQBA_Monthly!B45 -> -0.015822785 | E22: =(MSCI_World_Index_Monthly!B46-MSCI_World_Index_Monthly!B45)/MSCI_World_Index_Monthly!B45 -> -0.034499131 | F22: =(1+'Risk-free rate'!B46/100)^(1/12)-1 -> 9.1620484e-05 | G22: =D22-$F22 -> -0.015914405 | H22: =E22-$F22 -> -0.034590752 | I22: =((1+INDEX(LINEST(G11:G22,H11:H22,TRUE,TRUE),1,2))^12)-1 -> -0.0043106884 | J22: =INDEX(LINEST(G11:G22, H11:H22, TRUE, TRUE), 1, 1) -> 1.0715657
A23: =MSCI_World_Index_Monthly!A47 -> 2020-10-30 | B23: =GSCEQBA_Monthly!B47 -> 23.89 | C23: =MSCI_World_Index_Monthly!B47 -> 6811.7804 | D23: =(GSCEQBA_Monthly!B47-GSCEQBA_Monthly!B46)/GSCEQBA_Monthly!B46 -> -0.039790997 | E23: =(MSCI_World_Index_Monthly!B47-MSCI_World_Index_Monthly!B46)/MSCI_World_Index_Monthly!B46 -> -0.030675016 | F23: =(1+'Risk-free rate'!B47/100)^(1/12)-1 -> 8.3295163e-05 | G23: =D23-$F23 -> -0.039874292 | H23: =E23-$F23 -> -0.030758311 | I23: =((1+INDEX(LINEST(G12:G23,H12:H23,TRUE,TRUE),1,2))^12)-1 -> -0.0074790881 | J23: =INDEX(LINEST(G12:G23, H12:H23, TRUE, TRUE), 1, 1) -> 1.0776965
A24: =MSCI_World_Index_Monthly!A48 -> 2020-11-30 | B24: =GSCEQBA_Monthly!B48 -> 26.55 | C24: =MSCI_World_Index_Monthly!B48 -> 7682.7449 | D24: =(GSCEQBA_Monthly!B48-GSCEQBA_Monthly!B47)/GSCEQBA_Monthly!B47 -> 0.11134366 | E24: =(MSCI_World_Index_Monthly!B48-MSCI_World_Index_Monthly!B47)/MSCI_World_Index_Monthly!B47 -> 0.12786152 | F24: =(1+'Risk-free rate'!B48/100)^(1/12)-1 -> 7.496908e-05 | G24: =D24-$F24 -> 0.11126869 | H24: =E24-$F24 -> 0.12778655 | I24: =((1+INDEX(LINEST(G13:G24,H13:H24,TRUE,TRUE),1,2))^12)-1 -> -0.026861077 | J24: =INDEX(LINEST(G13:G24, H13:H24, TRUE, TRUE), 1, 1) -> 1.0311294
A25: =MSCI_World_Index_Monthly!A49 -> 2020-12-31 | B25: =GSCEQBA_Monthly!B49 -> 27.39 | C25: =MSCI_World_Index_Monthly!B49 -> 8008.4681 | D25: =(GSCEQBA_Monthly!B49-GSCEQBA_Monthly!B48)/GSCEQBA_Monthly!B48 -> 0.031638418 | E25: =(MSCI_World_Index_Monthly!B49-MSCI_World_Index_Monthly!B48)/MSCI_World_Index_Monthly!B48 -> 0.042396713 | F25: =(1+'Risk-free rate'!B49/100)^(1/12)-1 -> 7.496908e-05 | G25: =D25-$F25 -> 0.031563449 | H25: =E25-$F25 -> 0.042321744 | I25: =((1+INDEX(LINEST(G14:G25,H14:H25,TRUE,TRUE),1,2))^12)-1 -> -0.026245822 | J25: =INDEX(LINEST(G14:G25, H14:H25, TRUE, TRUE), 1, 1) -> 1.0291077
... A73: =MSCI_World_Index_Monthly!A97 -> 2024-12-31 | B73: =GSCEQBA_Monthly!B97 -> 39.49 | C73: =MSCI_World_Index_Monthly!B97 -> 11731.17 | D73: =(GSCEQBA_Monthly!B97-GSCEQBA_Monthly!B96)/GSCEQBA_Monthly!B96 -> -0.016928056 | E73: =(MSCI_World_Index_Monthly!B97-MSCI_World_Index_Monthly!B96)/MSCI_World_Index_Monthly!B96 -> -0.026060573 | F73: =(1+'Risk-free rate'!B97/100)^(1/12)-1 -> 0.0034905364 | G73: =D73-$F73 -> -0.020418592 | H73: =E73-$F73 -> -0.029551109 | I73: =((1+INDEX(LINEST(G62:G73,H62:H73,TRUE,TRUE),1,2))^12)-1 -> 0.031138926 | J73: =INDEX(LINEST(G62:G73, H62:H73, TRUE, TRUE), 1, 1) -> 0.91646007
