Workbook

Sheet Rolling Alpha
A1: Date | B1: ALCHWTU LX | C1: China all shares | D1: Return ALCHWTU LX, Rp | E1: Return China All Shares, Rm | F1: Risk-free | G1: Fund Excess | H1: Benchmark Excess | I1: Alpha | J1: Beta
A2: ='ALCHWTU LX_Monthly'!A14 -> 2018-01-31 | B2: ='ALCHWTU LX_Monthly'!B14 -> 1150.57 | C2: =China_All_Shares_Index_Monthly!B14 -> 3199.3007 | F2: =(1+'Risk-free rate'!B14/100)^(1/12)-1 -> 0.0011674743
A3: ='ALCHWTU LX_Monthly'!A15 -> 2018-02-28 | B3: ='ALCHWTU LX_Monthly'!B15 -> 1105.23 | C3: =China_All_Shares_Index_Monthly!B15 -> 2990.1855 | D3: =('ALCHWTU LX_Monthly'!B15-'ALCHWTU LX_Monthly'!B14)/'ALCHWTU LX_Monthly'!B14 -> -0.039406555 | E3: =(China_All_Shares_Index_Monthly!B15-China_All_Shares_Index_Monthly!B14)/China_All_Shares_Index_Monthly!B14 -> -0.065362759 | F3: =(1+'Risk-free rate'!B15/100)^(1/12)-1 -> 0.0012990121 | G3: =D3-$F3 -> -0.040705567 | H3: =E3-$F3 -> -0.066661771
A4: ='ALCHWTU LX_Monthly'!A16 -> 2018-03-30 | B4: ='ALCHWTU LX_Monthly'!B16 -> 1067.34 | C4: =China_All_Shares_Index_Monthly!B16 -> 2904.7637 | D4: =('ALCHWTU LX_Monthly'!B16-'ALCHWTU LX_Monthly'!B15)/'ALCHWTU LX_Monthly'!B15 -> -0.034282457 | E4: =(China_All_Shares_Index_Monthly!B16-China_All_Shares_Index_Monthly!B15)/China_All_Shares_Index_Monthly!B15 -> -0.028567405 | F4: =(1+'Risk-free rate'!B16/100)^(1/12)-1 -> 0.0014057469 | G4: =D4-$F4 -> -0.035688204 | H4: =E4-$F4 -> -0.029973151
A5: ='ALCHWTU LX_Monthly'!A17 -> 2018-04-30 | B5: ='ALCHWTU LX_Monthly'!B17 -> 1025.92 | C5: =China_All_Shares_Index_Monthly!B17 -> 2851.3338 | D5: =('ALCHWTU LX_Monthly'!B17-'ALCHWTU LX_Monthly'!B16)/'ALCHWTU LX_Monthly'!B16 -> -0.038806753 | E5: =(China_All_Shares_Index_Monthly!B17-China_All_Shares_Index_Monthly!B16)/China_All_Shares_Index_Monthly!B16 -> -0.018393899 | F5: =(1+'Risk-free rate'!B17/100)^(1/12)-1 -> 0.0014549669 | G5: =D5-$F5 -> -0.04026172 | H5: =E5-$F5 -> -0.019848866
A6: ='ALCHWTU LX_Monthly'!A18 -> 2018-05-31 | B6: ='ALCHWTU LX_Monthly'!B18 -> 1075.67 | C6: =China_All_Shares_Index_Monthly!B18 -> 2875.9923 | D6: =('ALCHWTU LX_Monthly'!B18-'ALCHWTU LX_Monthly'!B17)/'ALCHWTU LX_Monthly'!B17 -> 0.04849306 | E6: =(China_All_Shares_Index_Monthly!B18-China_All_Shares_Index_Monthly!B17)/China_All_Shares_Index_Monthly!B17 -> 0.0086480752 | F6: =(1+'Risk-free rate'!B18/100)^(1/12)-1 -> 0.0015369412 | G6: =D6-$F6 -> 0.046956119 | H6: =E6-$F6 -> 0.0071111341
A7: ='ALCHWTU LX_Monthly'!A19 -> 2018-06-29 | B7: ='ALCHWTU LX_Monthly'!B19 -> 1020.17 | C7: =China_All_Shares_Index_Monthly!B19 -> 2671.4636 | D7: =('ALCHWTU LX_Monthly'!B19-'ALCHWTU LX_Monthly'!B18)/'ALCHWTU LX_Monthly'!B18 -> -0.05159575 | E7: =(China_All_Shares_Index_Monthly!B19-China_All_Shares_Index_Monthly!B18)/China_All_Shares_Index_Monthly!B18 -> -0.071115864 | F7: =(1+'Risk-free rate'!B19/100)^(1/12)-1 -> 0.0015697102 | G7: =D7-$F7 -> -0.05316546 | H7: =E7-$F7 -> -0.072685575
A8: ='ALCHWTU LX_Monthly'!A20 -> 2018-07-31 | B8: ='ALCHWTU LX_Monthly'!B20 -> 981.87 | C8: =China_All_Shares_Index_Monthly!B20 -> 2609.0937 | D8: =('ALCHWTU LX_Monthly'!B20-'ALCHWTU LX_Monthly'!B19)/'ALCHWTU LX_Monthly'!B19 -> -0.037542762 | E8: =(China_All_Shares_Index_Monthly!B20-China_All_Shares_Index_Monthly!B19)/China_All_Shares_Index_Monthly!B19 -> -0.023346738 | F8: =(1+'Risk-free rate'!B20/100)^(1/12)-1 -> 0.0016188417 | G8: =D8-$F8 -> -0.039161604 | H8: =E8-$F8 -> -0.02496558
A9: ='ALCHWTU LX_Monthly'!A21 -> 2018-08-31 | B9: ='ALCHWTU LX_Monthly'!B21 -> 910.11 | C9: =China_All_Shares_Index_Monthly!B21 -> 2488.3976 | D9: =('ALCHWTU LX_Monthly'!B21-'ALCHWTU LX_Monthly'!B20)/'ALCHWTU LX_Monthly'!B20 -> -0.073085032 | E9: =(China_All_Shares_Index_Monthly!B21-China_All_Shares_Index_Monthly!B20)/China_All_Shares_Index_Monthly!B20 -> -0.046259789 | F9: =(1+'Risk-free rate'!B21/100)^(1/12)-1 -> 0.0016761283 | G9: =D9-$F9 -> -0.07476116 | H9: =E9-$F9 -> -0.047935917
A10: ='ALCHWTU LX_Monthly'!A22 -> 2018-09-28 | B10: ='ALCHWTU LX_Monthly'!B22 -> 889.56 | C10: =China_All_Shares_Index_Monthly!B22 -> 2485.9788 | D10: =('ALCHWTU LX_Monthly'!B22-'ALCHWTU LX_Monthly'!B21)/'ALCHWTU LX_Monthly'!B21 -> -0.022579688 | E10: =(China_All_Shares_Index_Monthly!B22-China_All_Shares_Index_Monthly!B21)/China_All_Shares_Index_Monthly!B21 -> -0.00097202033 | F10: =(1+'Risk-free rate'!B22/100)^(1/12)-1 -> 0.0017579038 | G10: =D10-$F10 -> -0.024337592 | H10: =E10-$F10 -> -0.0027299241
A11: ='ALCHWTU LX_Monthly'!A23 -> 2018-10-31 | B11: ='ALCHWTU LX_Monthly'!B23 -> 770.51 | C11: =China_All_Shares_Index_Monthly!B23 -> 2214.3509 | D11: =('ALCHWTU LX_Monthly'!B23-'ALCHWTU LX_Monthly'!B22)/'ALCHWTU LX_Monthly'!B22 -> -0.13383021 | E11: =(China_All_Shares_Index_Monthly!B23-China_All_Shares_Index_Monthly!B22)/China_All_Shares_Index_Monthly!B22 -> -0.10926397 | F11: =(1+'Risk-free rate'!B23/100)^(1/12)-1 -> 0.0018559375 | G11: =D11-$F11 -> -0.13568615 | H11: =E11-$F11 -> -0.11111991
A12: ='ALCHWTU LX_Monthly'!A24 -> 2018-11-30 | B12: ='ALCHWTU LX_Monthly'!B24 -> 812.78 | C12: =China_All_Shares_Index_Monthly!B24 -> 2329.8149 | D12: =('ALCHWTU LX_Monthly'!B24-'ALCHWTU LX_Monthly'!B23)/'ALCHWTU LX_Monthly'!B23 -> 0.054859768 | E12: =(China_All_Shares_Index_Monthly!B24-China_All_Shares_Index_Monthly!B23)/China_All_Shares_Index_Monthly!B23 -> 0.052143514 | F12: =(1+'Risk-free rate'!B24/100)^(1/12)-1 -> 0.0019212348 | G12: =D12-$F12 -> 0.052938533 | H12: =E12-$F12 -> 0.050222279
A13: ='ALCHWTU LX_Monthly'!A25 -> 2018-12-31 | B13: ='ALCHWTU LX_Monthly'!B25 -> 781.37 | C13: =China_All_Shares_Index_Monthly!B25 -> 2213.3058 | D13: =('ALCHWTU LX_Monthly'!B25-'ALCHWTU LX_Monthly'!B24)/'ALCHWTU LX_Monthly'!B24 -> -0.038645144 | E13: =(China_All_Shares_Index_Monthly!B25-China_All_Shares_Index_Monthly!B24)/China_All_Shares_Index_Monthly!B24 -> -0.050007865 | F13: =(1+'Risk-free rate'!B25/100)^(1/12)-1 -> 0.0019538659 | G13: =D13-$F13 -> -0.04059901 | H13: =E13-$F13 -> -0.051961731
A14: ='ALCHWTU LX_Monthly'!A26 -> 2019-01-31 | B14: ='ALCHWTU LX_Monthly'!B26 -> 866.33 | C14: =China_All_Shares_Index_Monthly!B26 -> 2438.6662 | D14: =('ALCHWTU LX_Monthly'!B26-'ALCHWTU LX_Monthly'!B25)/'ALCHWTU LX_Monthly'!B25 -> 0.1087321 | E14: =(China_All_Shares_Index_Monthly!B26-China_All_Shares_Index_Monthly!B25)/China_All_Shares_Index_Monthly!B25 -> 0.10182073 | F14: =(1+'Risk-free rate'!B26/100)^(1/12)-1 -> 0.0019538659 | G14: =D14-$F14 -> 0.10677823 | H14: =E14-$F14 -> 0.099866859 | I14: =((1+INDEX(LINEST(G3:G14,H3:H14,TRUE,TRUE),1,2))^12)-1 -> 0.009975064 | J14: =INDEX(LINEST(G3:G14, H3:H14, TRUE, TRUE), 1, 1) -> 1.062587
A15: ='ALCHWTU LX_Monthly'!A27 -> 2019-02-28 | B15: ='ALCHWTU LX_Monthly'!B27 -> 945.62 | C15: =China_All_Shares_Index_Monthly!B27 -> 2614.0243 | D15: =('ALCHWTU LX_Monthly'!B27-'ALCHWTU LX_Monthly'!B26)/'ALCHWTU LX_Monthly'!B26 -> 0.091524015 | E15: =(China_All_Shares_Index_Monthly!B27-China_All_Shares_Index_Monthly!B26)/China_All_Shares_Index_Monthly!B26 -> 0.071907378 | F15: =(1+'Risk-free rate'!B27/100)^(1/12)-1 -> 0.0019701771 | G15: =D15-$F15 -> 0.089553838 | H15: =E15-$F15 -> 0.069937201 | I15: =((1+INDEX(LINEST(G4:G15,H4:H15,TRUE,TRUE),1,2))^12)-1 -> 0.0043041824 | J15: =INDEX(LINEST(G4:G15, H4:H15, TRUE, TRUE), 1, 1) -> 1.1316101
A16: ='ALCHWTU LX_Monthly'!A28 -> 2019-03-29 | B16: ='ALCHWTU LX_Monthly'!B28 -> 1008.77 | C16: =China_All_Shares_Index_Monthly!B28 -> 2706.7609 | D16: =('ALCHWTU LX_Monthly'!B28-'ALCHWTU LX_Monthly'!B27)/'ALCHWTU LX_Monthly'!B27 -> 0.066781582 | E16: =(China_All_Shares_Index_Monthly!B28-China_All_Shares_Index_Monthly!B27)/China_All_Shares_Index_Monthly!B27 -> 0.035476555 | F16: =(1+'Risk-free rate'!B28/100)^(1/12)-1 -> 0.0019783315 | G16: =D16-$F16 -> 0.064803251 | H16: =E16-$F16 -> 0.033498224 | I16: =((1+INDEX(LINEST(G5:G16,H5:H16,TRUE,TRUE),1,2))^12)-1 -> 0.035196697 | J16: =INDEX(LINEST(G5:G16, H5:H16, TRUE, TRUE), 1, 1) -> 1.1553886
A17: ='ALCHWTU LX_Monthly'!A29 -> 2019-04-30 | B17: ='ALCHWTU LX_Monthly'!B29 -> 1019.58 | C17: =China_All_Shares_Index_Monthly!B29 -> 2745.8384 | D17: =('ALCHWTU LX_Monthly'!B29-'ALCHWTU LX_Monthly'!B28)/'ALCHWTU LX_Monthly'!B28 -> 0.010716021 | E17: =(China_All_Shares_Index_Monthly!B29-China_All_Shares_Index_Monthly!B28)/China_All_Shares_Index_Monthly!B28 -> 0.014436998 | F17: =(1+'Risk-free rate'!B29/100)^(1/12)-1 -> 0.0019620218 | G17: =D17-$F17 -> 0.0087539987 | H17: =E17-$F17 -> 0.012474976 | I17: =((1+INDEX(LINEST(G6:G17,H6:H17,TRUE,TRUE),1,2))^12)-1 -> 0.046857108 | J17: =INDEX(LINEST(G6:G17, H6:H17, TRUE, TRUE), 1, 1) -> 1.1441435
A18: ='ALCHWTU LX_Monthly'!A30 -> 2019-05-31 | B18: ='ALCHWTU LX_Monthly'!B30 -> 920.5 | C18: =China_All_Shares_Index_Monthly!B30 -> 2428.9438 | D18: =('ALCHWTU LX_Monthly'!B30-'ALCHWTU LX_Monthly'!B29)/'ALCHWTU LX_Monthly'!B29 -> -0.097177269 | E18: =(China_All_Shares_Index_Monthly!B30-China_All_Shares_Index_Monthly!B29)/China_All_Shares_Index_Monthly!B29 -> -0.11540905 | F18: =(1+'Risk-free rate'!B30/100)^(1/12)-1 -> 0.0019375518 | G18: =D18-$F18 -> -0.099114821 | H18: =E18-$F18 -> -0.1173466 | I18: =((1+INDEX(LINEST(G7:G18,H7:H18,TRUE,TRUE),1,2))^12)-1 -> 0.030532821 | J18: =INDEX(LINEST(G7:G18, H7:H18, TRUE, TRUE), 1, 1) -> 1.0698386
A19: ='ALCHWTU LX_Monthly'!A31 -> 2019-06-28 | B19: ='ALCHWTU LX_Monthly'!B31 -> 1004.67 | C19: =China_All_Shares_Index_Monthly!B31 -> 2602.3552 | D19: =('ALCHWTU LX_Monthly'!B31-'ALCHWTU LX_Monthly'!B30)/'ALCHWTU LX_Monthly'!B30 -> 0.091439435 | E19: =(China_All_Shares_Index_Monthly!B31-China_All_Shares_Index_Monthly!B30)/China_All_Shares_Index_Monthly!B30 -> 0.071393748 | F19: =(1+'Risk-free rate'!B31/100)^(1/12)-1 -> 0.0017905934 | G19: =D19-$F19 -> 0.089648842 | H19: =E19-$F19 -> 0.069603155 | I19: =((1+INDEX(LINEST(G8:G19,H8:H19,TRUE,TRUE),1,2))^12)-1 -> 0.02183312 | J19: =INDEX(LINEST(G8:G19, H8:H19, TRUE, TRUE), 1, 1) -> 1.1145969
A20: ='ALCHWTU LX_Monthly'!A32 -> 2019-07-31 | B20: ='ALCHWTU LX_Monthly'!B32 -> 1021.32 | C20: =China_All_Shares_Index_Monthly!B32 -> 2597.8708 | D20: =('ALCHWTU LX_Monthly'!B32-'ALCHWTU LX_Monthly'!B31)/'ALCHWTU LX_Monthly'!B31 -> 0.016572606 | E20: =(China_All_Shares_Index_Monthly!B32-China_All_Shares_Index_Monthly!B31)/China_All_Shares_Index_Monthly!B31 -> -0.0017231967 | F20: =(1+'Risk-free rate'!B32/100)^(1/12)-1 -> 0.0017333788 | G20: =D20-$F20 -> 0.014839227 | H20: =E20-$F20 -> -0.0034565756 | I20: =((1+INDEX(LINEST(G9:G20,H9:H20,TRUE,TRUE),1,2))^12)-1 -> 0.052892611 | J20: =INDEX(LINEST(G9:G20, H9:H20, TRUE, TRUE), 1, 1) -> 1.1074786
A21: ='ALCHWTU LX_Monthly'!A33 -> 2019-08-30 | B21: ='ALCHWTU LX_Monthly'!B33 -> 987.64 | C21: =China_All_Shares_Index_Monthly!B33 -> 2494.9384 | D21: =('ALCHWTU LX_Monthly'!B33-'ALCHWTU LX_Monthly'!B32)/'ALCHWTU LX_Monthly'!B32 -> -0.032976932 | E21: =(China_All_Shares_Index_Monthly!B33-China_All_Shares_Index_Monthly!B32)/China_All_Shares_Index_Monthly!B32 -> -0.039621832 | F21: =(1+'Risk-free rate'!B33/100)^(1/12)-1 -> 0.001610655 | G21: =D21-$F21 -> -0.034587587 | H21: =E21-$F21 -> -0.041232487 | I21: =((1+INDEX(LINEST(G10:G21,H10:H21,TRUE,TRUE),1,2))^12)-1 -> 0.087984157 | J21: =INDEX(LINEST(G10:G21, H10:H21, TRUE, TRUE), 1, 1) -> 1.0788774
A22: ='ALCHWTU LX_Monthly'!A34 -> 2019-09-30 | B22: ='ALCHWTU LX_Monthly'!B34 -> 1006.27 | C22: =China_All_Shares_Index_Monthly!B34 -> 2498.285 | D22: =('ALCHWTU LX_Monthly'!B34-'ALCHWTU LX_Monthly'!B33)/'ALCHWTU LX_Monthly'!B33 -> 0.018863149 | E22: =(China_All_Shares_Index_Monthly!B34-China_All_Shares_Index_Monthly!B33)/China_All_Shares_Index_Monthly!B33 -> 0.0013413293 | F22: =(1+'Risk-free rate'!B34/100)^(1/12)-1 -> 0.0015615191 | G22: =D22-$F22 -> 0.017301629 | H22: =E22-$F22 -> -0.00022018978 | I22: =((1+INDEX(LINEST(G11:G22,H11:H22,TRUE,TRUE),1,2))^12)-1 -> 0.13082183 | J22: =INDEX(LINEST(G11:G22, H11:H22, TRUE, TRUE), 1, 1) -> 1.0767811
A23: ='ALCHWTU LX_Monthly'!A35 -> 2019-10-31 | B23: ='ALCHWTU LX_Monthly'!B35 -> 1054.23 | C23: =China_All_Shares_Index_Monthly!B35 -> 2590.5252 | D23: =('ALCHWTU LX_Monthly'!B35-'ALCHWTU LX_Monthly'!B34)/'ALCHWTU LX_Monthly'!B34 -> 0.047661164 | E23: =(China_All_Shares_Index_Monthly!B35-China_All_Shares_Index_Monthly!B34)/China_All_Shares_Index_Monthly!B34 -> 0.036921414 | F23: =(1+'Risk-free rate'!B35/100)^(1/12)-1 -> 0.0013647099 | G23: =D23-$F23 -> 0.046296455 | H23: =E23-$F23 -> 0.035556704 | I23: =((1+INDEX(LINEST(G12:G23,H12:H23,TRUE,TRUE),1,2))^12)-1 -> 0.17269464 | J23: =INDEX(LINEST(G12:G23, H12:H23, TRUE, TRUE), 1, 1) -> 0.99556815
A24: ='ALCHWTU LX_Monthly'!A36 -> 2019-11-29 | B24: ='ALCHWTU LX_Monthly'!B36 -> 1075.29 | C24: =China_All_Shares_Index_Monthly!B36 -> 2609.7143 | D24: =('ALCHWTU LX_Monthly'!B36-'ALCHWTU LX_Monthly'!B35)/'ALCHWTU LX_Monthly'!B35 -> 0.019976665 | E24: =(China_All_Shares_Index_Monthly!B36-China_All_Shares_Index_Monthly!B35)/China_All_Shares_Index_Monthly!B35 -> 0.0074074123 | F24: =(1+'Risk-free rate'!B36/100)^(1/12)-1 -> 0.0012743633 | G24: =D24-$F24 -> 0.018702302 | H24: =E24-$F24 -> 0.006133049 | I24: =((1+INDEX(LINEST(G13:G24,H13:H24,TRUE,TRUE),1,2))^12)-1 -> 0.18248957 | J24: =INDEX(LINEST(G13:G24, H13:H24, TRUE, TRUE), 1, 1) -> 1.0064293
A25: ='ALCHWTU LX_Monthly'!A37 -> 2019-12-31 | B25: ='ALCHWTU LX_Monthly'!B37 -> 1169.72 | C25: =China_All_Shares_Index_Monthly!B37 -> 2824.9119 | D25: =('ALCHWTU LX_Monthly'!B37-'ALCHWTU LX_Monthly'!B36)/'ALCHWTU LX_Monthly'!B36 -> 0.08781817 | E25: =(China_All_Shares_Index_Monthly!B37-China_All_Shares_Index_Monthly!B36)/China_All_Shares_Index_Monthly!B36 -> 0.082460221 | F25: =(1+'Risk-free rate'!B37/100)^(1/12)-1 -> 0.0012743633 | G25: =D25-$F25 -> 0.086543807 | H25: =E25-$F25 -> 0.081185858 | I25: =((1+INDEX(LINEST(G14:G25,H14:H25,TRUE,TRUE),1,2))^12)-1 -> 0.17983147 | J25: =INDEX(LINEST(G14:G25, H14:H25, TRUE, TRUE), 1, 1) -> 0.98781567
... A85: ='ALCHWTU LX_Monthly'!A97 -> 2024-12-31 | B85: ='ALCHWTU LX_Monthly'!B97 -> 1068.75 | C85: =China_All_Shares_Index_Monthly!B97 -> 2581.7337 | D85: =('ALCHWTU LX_Monthly'!B97-'ALCHWTU LX_Monthly'!B96)/'ALCHWTU LX_Monthly'!B96 -> 0.017169343 | E85: =(China_All_Shares_Index_Monthly!B97-China_All_Shares_Index_Monthly!B96)/China_All_Shares_Index_Monthly!B96 -> 0.01501219 | F85: =(1+'Risk-free rate'!B97/100)^(1/12)-1 -> 0.0034905364 | G85: =D85-$F85 -> 0.013678806 | H85: =E85-$F85 -> 0.011521653 | I85: =((1+INDEX(LINEST(G74:G85,H74:H85,TRUE,TRUE),1,2))^12)-1 -> -0.034751135 | J85: =INDEX(LINEST(G74:G85, H74:H85, TRUE, TRUE), 1, 1) -> 0.97900882

Sheet Up-Down Scatter Plot
A1: Date | B1: Return ALCHWTU LX, Rp | C1: Return China All Shares, Rm | D1: Fund Geo-Mittel (Up) | E1: Benchmark Geo-Mittel (Up) | F1: UC Ratio | G1: Fund Geo-Mittel (Down) | H1: Benchmark Geo-Mittel (Down) | I1: DC Ratio | L1: Fund Geo-Mittel (Up) | M1: Benchmark Geo-Mittel (Up) | N1: UC Ratio | O1: Fund Geo-Mittel (Down) | P1: Benchmark Geo-Mittel (Down) | Q1: DC Ratio
A2: ='ALCHWTU LX_Monthly'!A2 -> 2017-01-31 | K2: pre-covid | L2: {=GEOMEAN(IF(C14:C38 > 0, 1 + B14:B38)) - 1} -> 0.061521203 | M2: {=GEOMEAN(IF(C14:C38 > 0, 1 + C14:C38)) - 1} -> 0.048797674 | N2: =(L2/M2)*100 -> 126.07405 | O2: {=GEOMEAN(IF(C14:C38<0,1+B14:B38))-1} -> -0.044611196 | P2: {=GEOMEAN(IF(C14:C38<0,1+C14:C38))-1} -> -0.047066222 | Q2: =(O2/P2)*100 -> 94.783888
A3: ='ALCHWTU LX_Monthly'!A3 -> 2017-02-28 | K3: during-covid | L3: {=GEOMEAN(IF(C26:C61 > 0, 1 + B26:B61)) - 1} -> 0.057481788 | M3: {=GEOMEAN(IF(C26:C61 > 0, 1 + C26:C61)) - 1} -> 0.045889498 | N3: =(L3/M3)*100 -> 125.26131 | O3: {=GEOMEAN(IF(C26:C61<0,1+B26:B61))-1} -> -0.033193801 | P3: {=GEOMEAN(IF(C26:C61<0,1+C26:C61))-1} -> -0.041475794 | Q3: =(O3/P3)*100 -> 80.031744
A4: ='ALCHWTU LX_Monthly'!A4 -> 2017-03-31 | K4: post-covid | L4: {=GEOMEAN(IF(C62:C97 > 0, 1 + B62:B97)) - 1} -> 0.061353998 | M4: {=GEOMEAN(IF(C62:C97 > 0, 1 + C62:C97)) - 1} -> 0.065818707 | N4: =(L4/M4)*100 -> 93.216657 | O4: {=GEOMEAN(IF(C62:C97<0,1+B62:B97))-1} -> -0.061681095 | P4: {=GEOMEAN(IF(C62:C97<0,1+C62:C97))-1} -> -0.055370757 | Q4: =(O4/P4)*100 -> 111.39652
A5: ='ALCHWTU LX_Monthly'!A5 -> 2017-04-28
A6: ='ALCHWTU LX_Monthly'!A6 -> 2017-05-31 | L6: ALCHWTU LX and China all shares
A7: ='ALCHWTU LX_Monthly'!A7 -> 2017-06-30
A8: ='ALCHWTU LX_Monthly'!A8 -> 2017-07-31
A9: ='ALCHWTU LX_Monthly'!A9 -> 2017-08-31
A10: ='ALCHWTU LX_Monthly'!A10 -> 2017-09-29
A11: ='ALCHWTU LX_Monthly'!A11 -> 2017-10-31
A12: ='ALCHWTU LX_Monthly'!A12 -> 2017-11-30
A13: ='ALCHWTU LX_Monthly'!A13 -> 2017-12-29
A14: ='ALCHWTU LX_Monthly'!A14 -> 2018-01-31 | B14: =('ALCHWTU LX_Monthly'!B14-'ALCHWTU LX_Monthly'!B13)/'ALCHWTU LX_Monthly'!B13 -> 0.097327662 | C14: =(China_All_Shares_Index_Monthly!B14-China_All_Shares_Index_Monthly!B13)/China_All_Shares_Index_Monthly!B13 -> 0.1090681
A15: ='ALCHWTU LX_Monthly'!A15 -> 2018-02-28 | B15: =('ALCHWTU LX_Monthly'!B15-'ALCHWTU LX_Monthly'!B14)/'ALCHWTU LX_Monthly'!B14 -> -0.039406555 | C15: =(China_All_Shares_Index_Monthly!B15-China_All_Shares_Index_Monthly!B14)/China_All_Shares_Index_Monthly!B14 -> -0.065362759
A16: ='ALCHWTU LX_Monthly'!A16 -> 2018-03-30 | B16: =('ALCHWTU LX_Monthly'!B16-'ALCHWTU LX_Monthly'!B15)/'ALCHWTU LX_Monthly'!B15 -> -0.034282457 | C16: =(China_All_Shares_Index_Monthly!B16-China_All_Shares_Index_Monthly!B15)/China_All_Shares_Index_Monthly!B15 -> -0.028567405
A17: ='ALCHWTU LX_Monthly'!A17 -> 2018-04-30 | B17: =('ALCHWTU LX_Monthly'!B17-'ALCHWTU LX_Monthly'!B16)/'ALCHWTU LX_Monthly'!B16 -> -0.038806753 | C17: =(China_All_Shares_Index_Monthly!B17-China_All_Shares_Index_Monthly!B16)/China_All_Shares_Index_Monthly!B16 -> -0.018393899
A18: ='ALCHWTU LX_Monthly'!A18 -> 2018-05-31 | B18: =('ALCHWTU LX_Monthly'!B18-'ALCHWTU LX_Monthly'!B17)/'ALCHWTU LX_Monthly'!B17 -> 0.04849306 | C18: =(China_All_Shares_Index_Monthly!B18-China_All_Shares_Index_Monthly!B17)/China_All_Shares_Index_Monthly!B17 -> 0.0086480752
A19: ='ALCHWTU LX_Monthly'!A19 -> 2018-06-29 | B19: =('ALCHWTU LX_Monthly'!B19-'ALCHWTU LX_Monthly'!B18)/'ALCHWTU LX_Monthly'!B18 -> -0.05159575 | C19: =(China_All_Shares_Index_Monthly!B19-China_All_Shares_Index_Monthly!B18)/China_All_Shares_Index_Monthly!B18 -> -0.071115864
A20: ='ALCHWTU LX_Monthly'!A20 -> 2018-07-31 | B20: =('ALCHWTU LX_Monthly'!B20-'ALCHWTU LX_Monthly'!B19)/'ALCHWTU LX_Monthly'!B19 -> -0.037542762 | C20: =(China_All_Shares_Index_Monthly!B20-China_All_Shares_Index_Monthly!B19)/China_All_Shares_Index_Monthly!B19 -> -0.023346738
A21: ='ALCHWTU LX_Monthly'!A21 -> 2018-08-31 | B21: =('ALCHWTU LX_Monthly'!B21-'ALCHWTU LX_Monthly'!B20)/'ALCHWTU LX_Monthly'!B20 -> -0.073085032 | C21: =(China_All_Shares_Index_Monthly!B21-China_All_Shares_Index_Monthly!B20)/China_All_Shares_Index_Monthly!B20 -> -0.046259789
A22: ='ALCHWTU LX_Monthly'!A22 -> 2018-09-28 | B22: =('ALCHWTU LX_Monthly'!B22-'ALCHWTU LX_Monthly'!B21)/'ALCHWTU LX_Monthly'!B21 -> -0.022579688 | C22: =(China_All_Shares_Index_Monthly!B22-China_All_Shares_Index_Monthly!B21)/China_All_Shares_Index_Monthly!B21 -> -0.00097202033
A23: ='ALCHWTU LX_Monthly'!A23 -> 2018-10-31 | B23: =('ALCHWTU LX_Monthly'!B23-'ALCHWTU LX_Monthly'!B22)/'ALCHWTU LX_Monthly'!B22 -> -0.13383021 | C23: =(China_All_Shares_Index_Monthly!B23-China_All_Shares_Index_Monthly!B22)/China_All_Shares_Index_Monthly!B22 -> -0.10926397
A24: ='ALCHWTU LX_Monthly'!A24 -> 2018-11-30 | B24: =('ALCHWTU LX_Monthly'!B24-'ALCHWTU LX_Monthly'!B23)/'ALCHWTU LX_Monthly'!B23 -> 0.054859768 | C24: =(China_All_Shares_Index_Monthly!B24-China_All_Shares_Index_Monthly!B23)/China_All_Shares_Index_Monthly!B23 -> 0.052143514
A25: ='ALCHWTU LX_Monthly'!A25 -> 2018-12-31 | B25: =('ALCHWTU LX_Monthly'!B25-'ALCHWTU LX_Monthly'!B24)/'ALCHWTU LX_Monthly'!B24 -> -0.038645144 | C25: =(China_All_Shares_Index_Monthly!B25-China_All_Shares_Index_Monthly!B24)/China_All_Shares_Index_Monthly!B24 -> -0.050007865
... A97: ='ALCHWTU LX_Monthly'!A97 -> 2024-12-31 | B97: =('ALCHWTU LX_Monthly'!B97-'ALCHWTU LX_Monthly'!B96)/'ALCHWTU LX_Monthly'!B96 -> 0.017169343 | C97: =(China_All_Shares_Index_Monthly!B97-China_All_Shares_Index_Monthly!B96)/China_All_Shares_Index_Monthly!B96 -> 0.01501219

Sheet Risk-free rate
A1: observation_date | B1: TB3MS
A2: 42736 | B2: 0.51
A3: 42767 | B3: 0.52
A4: 42795 | B4: 0.74
A5: 42826 | B5: 0.8
A6: 42856 | B6: 0.89
A7: 42887 | B7: 0.98
A8: 42917 | B8: 1.07
A9: 42948 | B9: 1.01
A10: 42979 | B10: 1.03
A11: 43009 | B11: 1.07
A12: 43040 | B12: 1.23
A13: 43070 | B13: 1.32
... A97: 45627 | B97: 4.27

Sheet ALCHWTU LX_Monthly
A1: Date | B1: NAV
A2: 2017-01-31 | C2: =A2=China_All_Shares_Index_Monthly!A2 -> TRUE
A3: 2017-02-28 | C3: =A3=China_All_Shares_Index_Monthly!A3 -> TRUE
A4: 2017-03-31 | C4: =A4=China_All_Shares_Index_Monthly!A4 -> TRUE
A5: 2017-04-28 | C5: =A5=China_All_Shares_Index_Monthly!A5 -> TRUE
A6: 2017-05-31 | C6: =A6=China_All_Shares_Index_Monthly!A6 -> TRUE
A7: 2017-06-30 | C7: =A7=China_All_Shares_Index_Monthly!A7 -> TRUE
A8: 2017-07-31 | C8: =A8=China_All_Shares_Index_Monthly!A8 -> TRUE
A9: 2017-08-31 | C9: =A9=China_All_Shares_Index_Monthly!A9 -> TRUE
A10: 2017-09-29 | C10: =A10=China_All_Shares_Index_Monthly!A10 -> TRUE
A11: 2017-10-31 | C11: =A11=China_All_Shares_Index_Monthly!A11 -> TRUE
A12: 2017-11-30 | C12: =A12=China_All_Shares_Index_Monthly!A12 -> TRUE
A13: 2017-12-29 | B13: 1048.52 | C13: =A13=China_All_Shares_Index_Monthly!A13 -> TRUE
A14: 2018-01-31 | B14: 1150.57 | C14: =A14=China_All_Shares_Index_Monthly!A14 -> TRUE
A15: 2018-02-28 | B15: 1105.23 | C15: =A15=China_All_Shares_Index_Monthly!A15 -> TRUE
A16: 2018-03-30 | B16: 1067.34 | C16: =A16=China_All_Shares_Index_Monthly!A16 -> TRUE
A17: 2018-04-30 | B17: 1025.92 | C17: =A17=China_All_Shares_Index_Monthly!A17 -> TRUE
A18: 2018-05-31 | B18: 1075.67 | C18: =A18=China_All_Shares_Index_Monthly!A18 -> TRUE
A19: 2018-06-29 | B19: 1020.17 | C19: =A19=China_All_Shares_Index_Monthly!A19 -> TRUE
A20: 2018-07-31 | B20: 981.87 | C20: =A20=China_All_Shares_Index_Monthly!A20 -> TRUE
A21: 2018-08-31 | B21: 910.11 | C21: =A21=China_All_Shares_Index_Monthly!A21 -> TRUE
A22: 2018-09-28 | B22: 889.56 | C22: =A22=China_All_Shares_Index_Monthly!A22 -> TRUE
A23: 2018-10-31 | B23: 770.51 | C23: =A23=China_All_Shares_Index_Monthly!A23 -> TRUE
A24: 2018-11-30 | B24: 812.78 | C24: =A24=China_All_Shares_Index_Monthly!A24 -> TRUE
... A97: 2024-12-31 | B97: 1068.75 | C97: =A97=China_All_Shares_Index_Monthly!A97 -> TRUE

Sheet China_All_Shares_Index_Monthly
A1: Date | B1: MSCI China All Shares Index
A2: 2017-01-31 | B2: 2149.7993
A3: 2017-02-28 | B3: 2217.0619
A4: 2017-03-31 | B4: 2239.749
A5: 2017-04-28 | B5: 2267.7404
A6: 2017-05-31 | B6: 2348.0892
A7: 2017-06-30 | B7: 2438.2966
A8: 2017-07-31 | B8: 2600.3517
A9: 2017-08-31 | B9: 2708.5941
A10: 2017-09-29 | B10: 2726.8438
A11: 2017-10-31 | B11: 2831.2255
A12: 2017-11-30 | B12: 2827.7892
A13: 2017-12-29 | B13: 2884.6747
... A97: 2024-12-31 | B97: 2581.7337

Sheet Metrics_monthly (2)
A1: Date | B1: ALCHWTU LX | C1: China all shares | D1: Return ALCHWTU LX, Rp | E1: Return China All Shares, Rm | F1: Risk-free | G1: Fund Excess | H1: Benchmark Excess | I1: Alpha | J1: Beta
A2: ='ALCHWTU LX_Monthly'!A2 -> 2017-01-31 | B2: ='ALCHWTU LX_Monthly'!B2 -> 0 | C2: =China_All_Shares_Index_Monthly!B2 -> 2149.7993 | F2: =(1+'Risk-free rate'!B2/100)^(1/12)-1 -> 0.00042400979
A3: ='ALCHWTU LX_Monthly'!A3 -> 2017-02-28 | B3: ='ALCHWTU LX_Monthly'!B3 -> 0 | C3: =China_All_Shares_Index_Monthly!B3 -> 2217.0619 | F3: =(1+'Risk-free rate'!B3/100)^(1/12)-1 -> 0.00043230397 | G3: =D3-$F3 -> -0.00043230397 | H3: =E3-$F3 -> -0.00043230397
A4: ='ALCHWTU LX_Monthly'!A4 -> 2017-03-31 | B4: ='ALCHWTU LX_Monthly'!B4 -> 0 | C4: =China_All_Shares_Index_Monthly!B4 -> 2239.749 | F4: =(1+'Risk-free rate'!B4/100)^(1/12)-1 -> 0.00061458497 | G4: =D4-$F4 -> -0.00061458497 | H4: =E4-$F4 -> -0.00061458497
A5: ='ALCHWTU LX_Monthly'!A5 -> 2017-04-28 | B5: ='ALCHWTU LX_Monthly'!B5 -> 0 | C5: =China_All_Shares_Index_Monthly!B5 -> 2267.7404 | F5: =(1+'Risk-free rate'!B5/100)^(1/12)-1 -> 0.00066423464 | G5: =D5-$F5 -> -0.00066423464 | H5: =E5-$F5 -> -0.00066423464
A6: ='ALCHWTU LX_Monthly'!A6 -> 2017-05-31 | B6: ='ALCHWTU LX_Monthly'!B6 -> 0 | C6: =China_All_Shares_Index_Monthly!B6 -> 2348.0892 | F6: =(1+'Risk-free rate'!B6/100)^(1/12)-1 -> 0.00073865838 | G6: =D6-$F6 -> -0.00073865838 | H6: =E6-$F6 -> -0.00073865838
A7: ='ALCHWTU LX_Monthly'!A7 -> 2017-06-30 | B7: ='ALCHWTU LX_Monthly'!B7 -> 0 | C7: =China_All_Shares_Index_Monthly!B7 -> 2438.2966 | F7: =(1+'Risk-free rate'!B7/100)^(1/12)-1 -> 0.00081302128 | G7: =D7-$F7 -> -0.00081302128 | H7: =E7-$F7 -> -0.00081302128
A8: ='ALCHWTU LX_Monthly'!A8 -> 2017-07-31 | B8: ='ALCHWTU LX_Monthly'!B8 -> 0 | C8: =China_All_Shares_Index_Monthly!B8 -> 2600.3517 | F8: =(1+'Risk-free rate'!B8/100)^(1/12)-1 -> 0.00088732345 | G8: =D8-$F8 -> -0.00088732345 | H8: =E8-$F8 -> -0.00088732345
A9: ='ALCHWTU LX_Monthly'!A9 -> 2017-08-31 | B9: ='ALCHWTU LX_Monthly'!B9 -> 0 | C9: =China_All_Shares_Index_Monthly!B9 -> 2708.5941 | F9: =(1+'Risk-free rate'!B9/100)^(1/12)-1 -> 0.00083779541 | G9: =D9-$F9 -> -0.00083779541 | H9: =E9-$F9 -> -0.00083779541
A10: ='ALCHWTU LX_Monthly'!A10 -> 2017-09-29 | B10: ='ALCHWTU LX_Monthly'!B10 -> 0 | C10: =China_All_Shares_Index_Monthly!B10 -> 2726.8438 | F10: =(1+'Risk-free rate'!B10/100)^(1/12)-1 -> 0.00085430775 | G10: =D10-$F10 -> -0.00085430775 | H10: =E10-$F10 -> -0.00085430775
A11: ='ALCHWTU LX_Monthly'!A11 -> 2017-10-31 | B11: ='ALCHWTU LX_Monthly'!B11 -> 0 | C11: =China_All_Shares_Index_Monthly!B11 -> 2831.2255 | F11: =(1+'Risk-free rate'!B11/100)^(1/12)-1 -> 0.00088732345 | G11: =D11-$F11 -> -0.00088732345 | H11: =E11-$F11 -> -0.00088732345
A12: ='ALCHWTU LX_Monthly'!A12 -> 2017-11-30 | B12: ='ALCHWTU LX_Monthly'!B12 -> 0 | C12: =China_All_Shares_Index_Monthly!B12 -> 2827.7892 | F12: =(1+'Risk-free rate'!B12/100)^(1/12)-1 -> 0.0010192666 | G12: =D12-$F12 -> -0.0010192666 | H12: =E12-$F12 -> -0.0010192666
A13: ='ALCHWTU LX_Monthly'!A13 -> 2017-12-29 | B13: ='ALCHWTU LX_Monthly'!B13 -> 1048.52 | C13: =China_All_Shares_Index_Monthly!B13 -> 2884.6747 | F13: =(1+'Risk-free rate'!B13/100)^(1/12)-1 -> 0.0010934006 | G13: =D13-$F13 -> -0.0010934006 | H13: =E13-$F13 -> -0.0010934006
A14: ='ALCHWTU LX_Monthly'!A14 -> 2018-01-31 | B14: ='ALCHWTU LX_Monthly'!B14 -> 1150.57 | C14: =China_All_Shares_Index_Monthly!B14 -> 3199.3007 | D14: =('ALCHWTU LX_Monthly'!B14-'ALCHWTU LX_Monthly'!B13)/'ALCHWTU LX_Monthly'!B13 -> 0.097327662 | E14: =(China_All_Shares_Index_Monthly!B14-China_All_Shares_Index_Monthly!B13)/China_All_Shares_Index_Monthly!B13 -> 0.1090681 | F14: =(1+'Risk-free rate'!B14/100)^(1/12)-1 -> 0.0011674743 | G14: =D14-$F14 -> 0.096160188 | H14: =E14-$F14 -> 0.10790062
A15: ='ALCHWTU LX_Monthly'!A15 -> 2018-02-28 | B15: ='ALCHWTU LX_Monthly'!B15 -> 1105.23 | C15: =China_All_Shares_Index_Monthly!B15 -> 2990.1855 | D15: =('ALCHWTU LX_Monthly'!B15-'ALCHWTU LX_Monthly'!B14)/'ALCHWTU LX_Monthly'!B14 -> -0.039406555 | E15: =(China_All_Shares_Index_Monthly!B15-China_All_Shares_Index_Monthly!B14)/China_All_Shares_Index_Monthly!B14 -> -0.065362759 | F15: =(1+'Risk-free rate'!B15/100)^(1/12)-1 -> 0.0012990121 | G15: =D15-$F15 -> -0.040705567 | H15: =E15-$F15 -> -0.066661771
A16: ='ALCHWTU LX_Monthly'!A16 -> 2018-03-30 | B16: ='ALCHWTU LX_Monthly'!B16 -> 1067.34 | C16: =China_All_Shares_Index_Monthly!B16 -> 2904.7637 | D16: =('ALCHWTU LX_Monthly'!B16-'ALCHWTU LX_Monthly'!B15)/'ALCHWTU LX_Monthly'!B15 -> -0.034282457 | E16: =(China_All_Shares_Index_Monthly!B16-China_All_Shares_Index_Monthly!B15)/China_All_Shares_Index_Monthly!B15 -> -0.028567405 | F16: =(1+'Risk-free rate'!B16/100)^(1/12)-1 -> 0.0014057469 | G16: =D16-$F16 -> -0.035688204 | H16: =E16-$F16 -> -0.029973151
A17: ='ALCHWTU LX_Monthly'!A17 -> 2018-04-30 | B17: ='ALCHWTU LX_Monthly'!B17 -> 1025.92 | C17: =China_All_Shares_Index_Monthly!B17 -> 2851.3338 | D17: =('ALCHWTU LX_Monthly'!B17-'ALCHWTU LX_Monthly'!B16)/'ALCHWTU LX_Monthly'!B16 -> -0.038806753 | E17: =(China_All_Shares_Index_Monthly!B17-China_All_Shares_Index_Monthly!B16)/China_All_Shares_Index_Monthly!B16 -> -0.018393899 | F17: =(1+'Risk-free rate'!B17/100)^(1/12)-1 -> 0.0014549669 | G17: =D17-$F17 -> -0.04026172 | H17: =E17-$F17 -> -0.019848866
A18: ='ALCHWTU LX_Monthly'!A18 -> 2018-05-31 | B18: ='ALCHWTU LX_Monthly'!B18 -> 1075.67 | C18: =China_All_Shares_Index_Monthly!B18 -> 2875.9923 | D18: =('ALCHWTU LX_Monthly'!B18-'ALCHWTU LX_Monthly'!B17)/'ALCHWTU LX_Monthly'!B17 -> 0.04849306 | E18: =(China_All_Shares_Index_Monthly!B18-China_All_Shares_Index_Monthly!B17)/China_All_Shares_Index_Monthly!B17 -> 0.0086480752 | F18: =(1+'Risk-free rate'!B18/100)^(1/12)-1 -> 0.0015369412 | G18: =D18-$F18 -> 0.046956119 | H18: =E18-$F18 -> 0.0071111341
A19: ='ALCHWTU LX_Monthly'!A19 -> 2018-06-29 | B19: ='ALCHWTU LX_Monthly'!B19 -> 1020.17 | C19: =China_All_Shares_Index_Monthly!B19 -> 2671.4636 | D19: =('ALCHWTU LX_Monthly'!B19-'ALCHWTU LX_Monthly'!B18)/'ALCHWTU LX_Monthly'!B18 -> -0.05159575 | E19: =(China_All_Shares_Index_Monthly!B19-China_All_Shares_Index_Monthly!B18)/China_All_Shares_Index_Monthly!B18 -> -0.071115864 | F19: =(1+'Risk-free rate'!B19/100)^(1/12)-1 -> 0.0015697102 | G19: =D19-$F19 -> -0.05316546 | H19: =E19-$F19 -> -0.072685575
A20: ='ALCHWTU LX_Monthly'!A20 -> 2018-07-31 | B20: ='ALCHWTU LX_Monthly'!B20 -> 981.87 | C20: =China_All_Shares_Index_Monthly!B20 -> 2609.0937 | D20: =('ALCHWTU LX_Monthly'!B20-'ALCHWTU LX_Monthly'!B19)/'ALCHWTU LX_Monthly'!B19 -> -0.037542762 | E20: =(China_All_Shares_Index_Monthly!B20-China_All_Shares_Index_Monthly!B19)/China_All_Shares_Index_Monthly!B19 -> -0.023346738 | F20: =(1+'Risk-free rate'!B20/100)^(1/12)-1 -> 0.0016188417 | G20: =D20-$F20 -> -0.039161604 | H20: =E20-$F20 -> -0.02496558
A21: ='ALCHWTU LX_Monthly'!A21 -> 2018-08-31 | B21: ='ALCHWTU LX_Monthly'!B21 -> 910.11 | C21: =China_All_Shares_Index_Monthly!B21 -> 2488.3976 | D21: =('ALCHWTU LX_Monthly'!B21-'ALCHWTU LX_Monthly'!B20)/'ALCHWTU LX_Monthly'!B20 -> -0.073085032 | E21: =(China_All_Shares_Index_Monthly!B21-China_All_Shares_Index_Monthly!B20)/China_All_Shares_Index_Monthly!B20 -> -0.046259789 | F21: =(1+'Risk-free rate'!B21/100)^(1/12)-1 -> 0.0016761283 | G21: =D21-$F21 -> -0.07476116 | H21: =E21-$F21 -> -0.047935917
A22: ='ALCHWTU LX_Monthly'!A22 -> 2018-09-28 | B22: ='ALCHWTU LX_Monthly'!B22 -> 889.56 | C22: =China_All_Shares_Index_Monthly!B22 -> 2485.9788 | D22: =('ALCHWTU LX_Monthly'!B22-'ALCHWTU LX_Monthly'!B21)/'ALCHWTU LX_Monthly'!B21 -> -0.022579688 | E22: =(China_All_Shares_Index_Monthly!B22-China_All_Shares_Index_Monthly!B21)/China_All_Shares_Index_Monthly!B21 -> -0.00097202033 | F22: =(1+'Risk-free rate'!B22/100)^(1/12)-1 -> 0.0017579038 | G22: =D22-$F22 -> -0.024337592 | H22: =E22-$F22 -> -0.0027299241
A23: ='ALCHWTU LX_Monthly'!A23 -> 2018-10-31 | B23: ='ALCHWTU LX_Monthly'!B23 -> 770.51 | C23: =China_All_Shares_Index_Monthly!B23 -> 2214.3509 | D23: =('ALCHWTU LX_Monthly'!B23-'ALCHWTU LX_Monthly'!B22)/'ALCHWTU LX_Monthly'!B22 -> -0.13383021 | E23: =(China_All_Shares_Index_Monthly!B23-China_All_Shares_Index_Monthly!B22)/China_All_Shares_Index_Monthly!B22 -> -0.10926397 | F23: =(1+'Risk-free rate'!B23/100)^(1/12)-1 -> 0.0018559375 | G23: =D23-$F23 -> -0.13568615 | H23: =E23-$F23 -> -0.11111991
A24: ='ALCHWTU LX_Monthly'!A24 -> 2018-11-30 | B24: ='ALCHWTU LX_Monthly'!B24 -> 812.78 | C24: =China_All_Shares_Index_Monthly!B24 -> 2329.8149 | D24: =('ALCHWTU LX_Monthly'!B24-'ALCHWTU LX_Monthly'!B23)/'ALCHWTU LX_Monthly'!B23 -> 0.054859768 | E24: =(China_All_Shares_Index_Monthly!B24-China_All_Shares_Index_Monthly!B23)/China_All_Shares_Index_Monthly!B23 -> 0.052143514 | F24: =(1+'Risk-free rate'!B24/100)^(1/12)-1 -> 0.0019212348 | G24: =D24-$F24 -> 0.052938533 | H24: =E24-$F24 -> 0.050222279
A25: ='ALCHWTU LX_Monthly'!A25 -> 2018-12-31 | B25: ='ALCHWTU LX_Monthly'!B25 -> 781.37 | C25: =China_All_Shares_Index_Monthly!B25 -> 2213.3058 | D25: =('ALCHWTU LX_Monthly'!B25-'ALCHWTU LX_Monthly'!B24)/'ALCHWTU LX_Monthly'!B24 -> -0.038645144 | E25: =(China_All_Shares_Index_Monthly!B25-China_All_Shares_Index_Monthly!B24)/China_All_Shares_Index_Monthly!B24 -> -0.050007865 | F25: =(1+'Risk-free rate'!B25/100)^(1/12)-1 -> 0.0019538659 | G25: =D25-$F25 -> -0.04059901 | H25: =E25-$F25 -> -0.051961731
... A97: ='ALCHWTU LX_Monthly'!A97 -> 2024-12-31 | B97: ='ALCHWTU LX_Monthly'!B97 -> 1068.75 | C97: =China_All_Shares_Index_Monthly!B97 -> 2581.7337 | D97: =('ALCHWTU LX_Monthly'!B97-'ALCHWTU LX_Monthly'!B96)/'ALCHWTU LX_Monthly'!B96 -> 0.017169343 | E97: =(China_All_Shares_Index_Monthly!B97-China_All_Shares_Index_Monthly!B96)/China_All_Shares_Index_Monthly!B96 -> 0.01501219 | F97: =(1+'Risk-free rate'!B97/100)^(1/12)-1 -> 0.0034905364 | G97: =D97-$F97 -> 0.013678806 | H97: =E97-$F97 -> 0.011521653
