Workbook

Sheet NAV ALCHWTU LX v China all shar
A1: Date | B1: ALCHWTU LX | C1: China all shares | D1: Return ALCHWTU LX, Rp | E1: Return China All Shares, Rm | F1: Log Return ALCHWTU LX | G1: Log Return China All Shares, Rm | H1: Risk-free | I1: Alpha | J1: Beta | K1: Sharpe | L1: Treynor | M1: Rolling Vola | N1: Fund excess | O1: Benchmark excess
A2: 2018-01-31 | B2: 1150.57 | C2: 3199.3007 | H2: ='Risk-free rate'!C2 -> 0.0011674743
A3: 2018-02-28 | B3: 1105.23 | C3: 2990.1855 | D3: =(B3-B2)/B2 -> -0.039406555 | E3: =(C3-C2)/C2 -> -0.065362759 | F3: =LN(B3/B2) -> -0.040204014 | G3: =LN(C3/C2) -> -0.067596802 | H3: ='Risk-free rate'!C3 -> 0.0012990121
A4: 2018-03-30 | B4: 1067.34 | C4: 2904.7637 | D4: =(B4-B3)/B3 -> -0.034282457 | E4: =(C4-C3)/C3 -> -0.028567405 | F4: =LN(B4/B3) -> -0.034883886 | G4: =LN(C4/C3) -> -0.028983395 | H4: ='Risk-free rate'!C4 -> 0.0014057469
A5: 2018-04-30 | B5: 1025.92 | C5: 2851.3338 | D5: =(B5-B4)/B4 -> -0.038806753 | E5: =(C5-C4)/C4 -> -0.018393899 | F5: =LN(B5/B4) -> -0.039579801 | G5: =LN(C5/C4) -> -0.01856517 | H5: ='Risk-free rate'!C5 -> 0.0014549669
A6: 2018-05-31 | B6: 1075.67 | C6: 2875.9923 | D6: =(B6-B5)/B5 -> 0.04849306 | E6: =(C6-C5)/C5 -> 0.0086480752 | F6: =LN(B6/B5) -> 0.047353952 | G6: =LN(C6/C5) -> 0.0086108949 | H6: ='Risk-free rate'!C6 -> 0.0015369412
A7: 2018-06-29 | B7: 1020.17 | C7: 2671.4636 | D7: =(B7-B6)/B6 -> -0.05159575 | E7: =(C7-C6)/C6 -> -0.071115864 | F7: =LN(B7/B6) -> -0.052974443 | G7: =LN(C7/C6) -> -0.073771268 | H7: ='Risk-free rate'!C7 -> 0.0015697102
A8: 2018-07-31 | B8: 981.87 | C8: 2609.0937 | D8: =(B8-B7)/B7 -> -0.037542762 | E8: =(C8-C7)/C7 -> -0.023346738 | F8: =LN(B8/B7) -> -0.038265642 | G8: =LN(C8/C7) -> -0.023623591 | H8: ='Risk-free rate'!C8 -> 0.0016188417
A9: 2018-08-31 | B9: 910.11 | C9: 2488.3976 | D9: =(B9-B8)/B8 -> -0.073085032 | E9: =(C9-C8)/C8 -> -0.046259789 | F9: =LN(B9/B8) -> -0.075893445 | G9: =LN(C9/C8) -> -0.04736396 | H9: ='Risk-free rate'!C9 -> 0.0016761283
A10: 2018-09-28 | B10: 889.56 | C10: 2485.9788 | D10: =(B10-B9)/B9 -> -0.022579688 | E10: =(C10-C9)/C9 -> -0.00097202033 | F10: =LN(B10/B9) -> -0.022838513 | G10: =LN(C10/C9) -> -0.00097249304 | H10: ='Risk-free rate'!C10 -> 0.0017579038
A11: 2018-10-31 | B11: 770.51 | C11: 2214.3509 | D11: =(B11-B10)/B10 -> -0.13383021 | E11: =(C11-C10)/C10 -> -0.10926397 | F11: =LN(B11/B10) -> -0.14367433 | G11: =LN(C11/C10) -> -0.11570716 | H11: ='Risk-free rate'!C11 -> 0.0018559375
A12: 2018-11-30 | B12: 812.78 | C12: 2329.8149 | D12: =(B12-B11)/B11 -> 0.054859768 | E12: =(C12-C11)/C11 -> 0.052143514 | F12: =LN(B12/B11) -> 0.053407837 | G12: =LN(C12/C11) -> 0.050829525 | H12: ='Risk-free rate'!C12 -> 0.0019212348
A13: 2018-12-31 | B13: 781.37 | C13: 2213.3058 | D13: =(B13-B12)/B12 -> -0.038645144 | E13: =(C13-C12)/C12 -> -0.050007865 | F13: =LN(B13/B12) -> -0.039411681 | G13: =LN(C13/C12) -> -0.051301574 | H13: ='Risk-free rate'!C13 -> 0.0019538659
A14: 2019-01-31 | B14: 866.33 | C14: 2438.6662 | D14: =(B14-B13)/B13 -> 0.1087321 | E14: =(C14-C13)/C13 -> 0.10182073 | F14: =LN(B14/B13) -> 0.10321711 | G14: =LN(C14/C13) -> 0.096964016 | H14: ='Risk-free rate'!C14 -> 0.0019538659
... A85: 2024-12-31 | B85: 1068.75 | C85: 2581.7337 | D85: =(B85-B84)/B84 -> 0.017169343 | E85: =(C85-C84)/C84 -> 0.01501219 | F85: =LN(B85/B84) -> 0.017023615 | G85: =LN(C85/C84) -> 0.014900622 | H85: ='Risk-free rate'!C85 -> 0.0034905364

Sheet NAV GSCEQBA vs MSCI World Index
A1: Date | B1: GSCEQBA | C1: MSCI-World | D1: Return GSCEQBA, Rp | E1: Return MSCI World Index | F1: Log Return GSCEQBA, Rp | H1: Risk-free | J1: Alpha | K1: Beta | L1: Sharpe | M1: Treynor
A2: 2018-01-31 | B2: 23.92 | C2: 6241.6214 | H2: ='Risk-free rate'!C2 -> 0.0011674743
A3: 2018-02-28 | B3: 22.99 | C3: 5983.0467 | D3: =(B3-B2)/B2 -> -0.038879599 | E3: =(C3-C2)/C2 -> -0.041427482 | F3: =LN(B3/B2) -> -0.03965559 | H3: ='Risk-free rate'!C3 -> 0.0012990121
A4: 2018-03-30 | B4: 22.27 | C4: 5852.6376 | D4: =(B4-B3)/B3 -> -0.031317964 | E4: =(C4-C3)/C3 -> -0.021796443 | F4: =LN(B4/B3) -> -0.031818858 | H4: ='Risk-free rate'!C4 -> 0.0014057469
A5: 2018-04-30 | B5: 22.97 | C5: 5919.8913 | D5: =(B5-B4)/B4 -> 0.03143242 | E5: =(C5-C4)/C4 -> 0.011491173 | F5: =LN(B5/B4) -> 0.030948535 | H5: ='Risk-free rate'!C5 -> 0.0014549669
A6: 2018-05-31 | B6: 23.26 | C6: 5956.9879 | D6: =(B6-B5)/B5 -> 0.012625163 | E6: =(C6-C5)/C5 -> 0.0062664308 | F6: =LN(B6/B5) -> 0.01254613 | H6: ='Risk-free rate'!C6 -> 0.0015369412
A7: 2018-06-29 | B7: 23 | C7: 5954.1463 | D7: =(B7-B6)/B6 -> -0.011177988 | E7: =(C7-C6)/C6 -> -0.00047701104 | F7: =LN(B7/B6) -> -0.011240931 | H7: ='Risk-free rate'!C7 -> 0.0015697102
A8: 2018-07-31 | B8: 23.57 | C8: 6140.1154 | D8: =(B8-B7)/B7 -> 0.024782609 | E8: =(C8-C7)/C7 -> 0.031233545 | F8: =LN(B8/B7) -> 0.024480501 | H8: ='Risk-free rate'!C8 -> 0.0016188417
A9: 2018-08-31 | B9: 24.02 | C9: 6216.0861 | D9: =(B9-B8)/B8 -> 0.019092066 | E9: =(C9-C8)/C8 -> 0.012372846 | F9: =LN(B9/B8) -> 0.0189121 | H9: ='Risk-free rate'!C9 -> 0.0016761283
A10: 2018-09-28 | B10: 23.94 | C10: 6250.6981 | D10: =(B10-B9)/B9 -> -0.0033305579 | E10: =(C10-C9)/C9 -> 0.005568137 | F10: =LN(B10/B9) -> -0.0033361165 | H10: ='Risk-free rate'!C10 -> 0.0017579038
A11: 2018-10-31 | B11: 21.94 | C11: 5791.7226 | D11: =(B11-B10)/B10 -> -0.083542189 | E11: =(C11-C10)/C10 -> -0.073427888 | F11: =LN(B11/B10) -> -0.087239245 | H11: ='Risk-free rate'!C11 -> 0.0018559375
A12: 2018-11-30 | B12: 21.75 | C12: 5857.516 | D12: =(B12-B11)/B11 -> -0.0086599818 | E12: =(C12-C11)/C11 -> 0.011359909 | F12: =LN(B12/B11) -> -0.0086976973 | H12: ='Risk-free rate'!C12 -> 0.0019212348
A13: 2018-12-31 | B13: 19.92 | C13: 5412.1223 | D13: =(B13-B12)/B12 -> -0.084137931 | E13: =(C13-C12)/C12 -> -0.076037989 | F13: =LN(B13/B12) -> -0.087889505 | H13: ='Risk-free rate'!C13 -> 0.0019538659
A14: 2019-01-31 | B14: 21.75 | C14: 5833.2167 | D14: =(B14-B13)/B13 -> 0.09186747 | E14: =(C14-C13)/C13 -> 0.077805787 | F14: =LN(B14/B13) -> 0.087889505 | H14: ='Risk-free rate'!C14 -> 0.0019538659
... A85: 2024-12-31 | B85: 39.49 | C85: 11731.17 | D85: =(B85-B84)/B84 -> -0.016928056 | E85: =(C85-C84)/C84 -> -0.026060573 | F85: =LN(B85/B84) -> -0.017072973 | H85: ='Risk-free rate'!C85 -> 0.0034905364

Sheet NAV MGGIX US vs ACWI
A1: Date | B1: MGGIX US | C1: ACWI | D1: Return MGGIX US, Rp | E1: Return ACWI, Rm | F1: Log Return MGGIX US, Rp | H1: Risk-free | I1: Alpha | J1: Beta | K1: Sharpe | L1: Treynor
A2: 2018-01-31 | B2: 24.86 | C2: 260.0665 | H2: ='Risk-free rate'!C2 -> 0.0011674743
A3: 2018-02-28 | B3: 24.37 | C3: 249.14416 | D3: =(B3-B2)/B2 -> -0.019710378 | E3: =(C3-C2)/C2 -> -0.04199827 | F3: =LN(B3/B2) -> -0.019907218 | H3: ='Risk-free rate'!C3 -> 0.0012990121
A4: 2018-03-30 | B4: 24.22 | C4: 243.81079 | D4: =(B4-B3)/B3 -> -0.0061551087 | E4: =(C4-C3)/C3 -> -0.021406743 | F4: =LN(B4/B3) -> -0.0061741295 | H4: ='Risk-free rate'!C4 -> 0.0014057469
A5: 2018-04-30 | B5: 24.62 | C5: 246.13908 | D5: =(B5-B4)/B4 -> 0.016515277 | E5: =(C5-C4)/C4 -> 0.0095495651 | F5: =LN(B5/B4) -> 0.016380383 | H5: ='Risk-free rate'!C5 -> 0.0014549669
A6: 2018-05-31 | B6: 26.11 | C6: 246.44638 | D6: =(B6-B5)/B5 -> 0.060519903 | E6: =(C6-C5)/C5 -> 0.0012484852 | F6: =LN(B6/B5) -> 0.058759262 | H6: ='Risk-free rate'!C6 -> 0.0015369412
A7: 2018-06-29 | B7: 25.82 | C7: 245.11177 | D7: =(B7-B6)/B6 -> -0.011106856 | E7: =(C7-C6)/C6 -> -0.005415393 | F7: =LN(B7/B6) -> -0.011168997 | H7: ='Risk-free rate'!C7 -> 0.0015697102
A8: 2018-07-31 | B8: 25.35 | C8: 252.50355 | D8: =(B8-B7)/B7 -> -0.018202943 | E8: =(C8-C7)/C7 -> 0.03015674 | F8: =LN(B8/B7) -> -0.018370655 | H8: ='Risk-free rate'!C8 -> 0.0016188417
A9: 2018-08-31 | B9: 25.72 | C9: 254.48731 | D9: =(B9-B8)/B8 -> 0.014595661 | E9: =(C9-C8)/C8 -> 0.0078563847 | F9: =LN(B9/B8) -> 0.014490169 | H9: ='Risk-free rate'!C9 -> 0.0016761283
A10: 2018-09-28 | B10: 25.39 | C10: 255.59489 | D10: =(B10-B9)/B9 -> -0.012830482 | E10: =(C10-C9)/C9 -> 0.0043522052 | F10: =LN(B10/B9) -> -0.012913504 | H10: ='Risk-free rate'!C10 -> 0.0017579038
A11: 2018-10-31 | B11: 22.58 | C11: 236.44088 | D11: =(B11-B10)/B10 -> -0.11067349 | E11: =(C11-C10)/C10 -> -0.074938935 | F11: =LN(B11/B10) -> -0.11729084 | H11: ='Risk-free rate'!C11 -> 0.0018559375
A12: 2018-11-30 | B12: 22.94 | C12: 239.89893 | D12: =(B12-B11)/B11 -> 0.015943313 | E12: =(C12-C11)/C11 -> 0.014625419 | F12: =LN(B12/B11) -> 0.015817553 | H12: ='Risk-free rate'!C12 -> 0.0019212348
A13: 2018-12-31 | B13: 21.5 | C13: 223.00178 | D13: =(B13-B12)/B12 -> -0.06277245 | E13: =(C13-C12)/C12 -> -0.07043447 | F13: =LN(B13/B12) -> -0.064829177 | H13: ='Risk-free rate'!C13 -> 0.0019538659
A14: 2019-01-31 | B14: 23.76 | C14: 240.6099 | D14: =(B14-B13)/B13 -> 0.10511629 | E14: =(C14-C13)/C13 -> 0.078959577 | F14: =LN(B14/B13) -> 0.099950569 | H14: ='Risk-free rate'!C14 -> 0.0019538659
... A85: 2024-12-31 | B85: 35.139999 | C85: 455.98973 | D85: =(B85-B84)/B84 -> -0.10357146 | E85: =(C85-C84)/C84 -> -0.023671625 | F85: =LN(B85/B84) -> -0.1093367 | H85: ='Risk-free rate'!C85 -> 0.0034905364

Sheet NAV EMF US vs MSCI EM
A1: Date | B1: EMF US | C1: MSCI EM Index | D1: Return EMF US, Rp | E1: Return MSCI EM, Rm | F1: Log Return MSCI EM, Rm | H1: Risk-free | I1: Alpha | J1: Beta | K1: Sharpe | L1: Treynor
A2: 43131 | B2: 19.67 | C2: 564.91753 | H2: ='Risk-free rate'!C2 -> 0.0011674743
A3: 2018-02-28 | B3: 18.84 | C3: 538.86392 | D3: =(B3-B2)/B2 -> -0.042196238 | E3: =(C3-C2)/C2 -> -0.046119314 | F3: =LN(B3/B2) -> -0.043112363 | H3: ='Risk-free rate'!C3 -> 0.0012990121
A4: 2018-03-30 | B4: 18.35 | C4: 528.84462 | D4: =(B4-B3)/B3 -> -0.026008493 | E4: =(C4-C3)/C3 -> -0.018593381 | F4: =LN(B4/B3) -> -0.026352695 | H4: ='Risk-free rate'!C4 -> 0.0014057469
A5: 2018-04-30 | B5: 17.91 | C5: 526.50486 | D5: =(B5-B4)/B4 -> -0.023978202 | E5: =(C5-C4)/C4 -> -0.0044242844 | F5: =LN(B5/B4) -> -0.024270358 | H5: ='Risk-free rate'!C5 -> 0.0014549669
A6: 2018-05-31 | B6: 17.41 | C6: 507.84867 | D6: =(B6-B5)/B5 -> -0.027917365 | E6: =(C6-C5)/C5 -> -0.035434041 | F6: =LN(B6/B5) -> -0.028314462 | H6: ='Risk-free rate'!C6 -> 0.0015369412
A7: 2018-06-29 | B7: 16.9 | C7: 486.74909 | D7: =(B7-B6)/B6 -> -0.029293509 | E7: =(C7-C6)/C6 -> -0.041546975 | F7: =LN(B7/B6) -> -0.029731132 | H7: ='Risk-free rate'!C7 -> 0.0015697102
A8: 2018-07-31 | B8: 17.15 | C8: 497.44164 | D8: =(B8-B7)/B7 -> 0.014792899 | E8: =(C8-C7)/C7 -> 0.021967262 | F8: =LN(B8/B7) -> 0.014684552 | H8: ='Risk-free rate'!C8 -> 0.0016188417
A9: 2018-08-31 | B9: 16.9 | C9: 483.99123 | D9: =(B9-B8)/B8 -> -0.014577259 | E9: =(C9-C8)/C8 -> -0.027039164 | F9: =LN(B9/B8) -> -0.014684552 | H9: ='Risk-free rate'!C9 -> 0.0016761283
A10: 2018-09-28 | B10: 16.96 | C10: 481.42252 | D10: =(B10-B9)/B9 -> 0.0035502959 | E10: =(C10-C9)/C9 -> -0.0053073379 | F10: =LN(B10/B9) -> 0.0035440084 | H10: ='Risk-free rate'!C10 -> 0.0017579038
A11: 2018-10-31 | B11: 15.49 | C11: 439.49901 | D11: =(B11-B10)/B10 -> -0.086674528 | E11: =(C11-C10)/C10 -> -0.087082587 | F11: =LN(B11/B10) -> -0.090662976 | H11: ='Risk-free rate'!C11 -> 0.0018559375
A12: 2018-11-30 | B12: 16.06 | C12: 457.61064 | D12: =(B12-B11)/B11 -> 0.036797934 | E12: =(C12-C11)/C11 -> 0.041209727 | F12: =LN(B12/B11) -> 0.036137054 | H12: ='Risk-free rate'!C12 -> 0.0019212348
A13: 2018-12-31 | B13: 14.82 | C13: 445.48795 | D13: =(B13-B12)/B12 -> -0.077210461 | E13: =(C13-C12)/C12 -> -0.026491277 | F13: =LN(B13/B12) -> -0.080354089 | H13: ='Risk-free rate'!C13 -> 0.0019538659
A14: 2019-01-31 | B14: 16.46 | C14: 484.49378 | D14: =(B14-B13)/B13 -> 0.11066127 | E14: =(C14-C13)/C13 -> 0.087557549 | F14: =LN(B14/B13) -> 0.10495558 | H14: ='Risk-free rate'!C14 -> 0.0019538659
... A85: 2024-12-31 | B85: 14.08 | C85: 573.88627 | D85: =(B85-B84)/B84 -> -0.053763441 | E85: =(C85-C84)/C84 -> -0.0013732325 | F85: =LN(B85/B84) -> -0.055262679 | H85: ='Risk-free rate'!C85 -> 0.0034905364

Sheet Risk-free rate
A1: observation_date | B1: Annual | C1: Risk-free Rate
A2: 2018-01-31 | B2: 1.41 | C2: =(1+B2/100)^(1/12)-1 -> 0.0011674743
A3: 2018-02-28 | B3: 1.57 | C3: =(1+B3/100)^(1/12)-1 -> 0.0012990121
A4: 2018-03-30 | B4: 1.7 | C4: =(1+B4/100)^(1/12)-1 -> 0.0014057469
A5: 2018-04-30 | B5: 1.76 | C5: =(1+B5/100)^(1/12)-1 -> 0.0014549669
A6: 2018-05-31 | B6: 1.86 | C6: =(1+B6/100)^(1/12)-1 -> 0.0015369412
A7: 2018-06-29 | B7: 1.9 | C7: =(1+B7/100)^(1/12)-1 -> 0.0015697102
A8: 2018-07-31 | B8: 1.96 | C8: =(1+B8/100)^(1/12)-1 -> 0.0016188417
A9: 2018-08-31 | B9: 2.03 | C9: =(1+B9/100)^(1/12)-1 -> 0.0016761283
A10: 2018-09-28 | B10: 2.13 | C10: =(1+B10/100)^(1/12)-1 -> 0.0017579038
A11: 2018-10-31 | B11: 2.25 | C11: =(1+B11/100)^(1/12)-1 -> 0.0018559375
A12: 2018-11-30 | B12: 2.33 | C12: =(1+B12/100)^(1/12)-1 -> 0.0019212348
A13: 2018-12-31 | B13: 2.37 | C13: =(1+B13/100)^(1/12)-1 -> 0.0019538659
... A85: 2024-12-31 | B85: 4.27 | C85: =(1+B85/100)^(1/12)-1 -> 0.0034905364

Sheet Tabelle1
